0.20145707461133974, -0.028089875327071336, 2.9060080058916604
0.20018266473323926, -0.028003695175797403, 2.934763616727687
0.19885877411259678, -0.02840839630179954, 2.9667945097878112
0.19660186628014292, -0.028272392274799312, 2.9985406186669277
0.1981066836881228, -0.02902339872012454, 3.0169961022783687
0.19581270768855735, -0.028628866860715415, 3.041749204569445
0.19558830849345998, -0.029097589518601988, 3.0576022541265777
0.1949788318780941, -0.029356363451308546, 3.085240510075966
0.19415554151236328, -0.0295835193049312, 3.105988272711257
0.19327899279221716, -0.030021793665004255, 3.121545379059115
0.19094663563256611, -0.02976073843192441, 3.1412478123628613
0.19007770896302087, -0.02976073843192441, -3.13249121024037
0.18929901024966123, -0.03017495690906297, -3.1137263242138413
0.18969356057328993, -0.03081427654473949, -3.0971060606245215
0.1890379376680827, -0.03081427654473949, -3.094696321354896
0.18487768719159017, -0.03049086130221348, -3.0799967130590162
0.1855893131785609, -0.030715247635612643, -3.076586551226862
0.18494039949611837, -0.030715247635612643, -3.0738314423895767
0.18407518125286168, -0.030715247635612643, -3.073781656555232
0.18310974228268928, -0.03087817588021765, -3.0656985770002865
0.18246194838310428, -0.031094107180079312, -3.057956386825464
0.18324609833231797, -0.031812045608226425, -3.0573837076108505
0.1808070219942905, -0.03146343886908988, -3.042172537818745
0.18073449798421098, -0.0317419010796643, -3.052690285417605
0.17972950696452714, -0.03146343886908988, -3.0448904675787025
0.17908299794666913, -0.031678941875042554, -3.0366474396361207
0.1796870185860932, -0.03190095619825568, -3.0330671448163793
0.17822098592285845, -0.0321099478869479, -3.0368083040003735
0.17717703501280424, -0.03182305968676581, -3.0291268547888
0.17653197299212656, -0.03182305968676581, -3.0262796703360433
0.17649696187523709, -0.0321099478869479, -3.036733173214418
0.17708285889643968, -0.03233498281319793, -3.033046038078676
0.17541944684547373, -0.032325450892900565, -3.027917509614184
0.17477293782761572, -0.0321099478869479, -3.036656999153039
0.17434193181571037, -0.03254095389885323, -3.0360949744694326
0.17391092580380504, -0.032325450892900565, -3.0307896636579126
0.17447869920678616, -0.03255199612066906, -3.027478498536426
0.17304891377999435, -0.0321099478869479, -3.036579755988618
0.17361064597690165, -0.03233498281319793, -3.0328341102148992
0.17218690175618367, -0.0321099478869479, -3.0365407252672347
0.17274259274701714, -0.032769009428140185, -3.032786430398107
0.171324889732373, -0.0321099478869479, -3.036501417328191
0.17029637345890894, -0.03268314238100273, -3.0289552223371734
0.16870553852809866, -0.03245979981806455, -3.0292866657349466
0.16960086568475163, -0.032971959910758575, -3.036540431468331
0.16938536267879895, -0.032971959910758575, -3.0335895577288907
0.16873885366094094, -0.032971959910758575, -3.036500360671647
0.16852335065498827, -0.032971959910758575, -3.0335400769025567
0.1692703798274791, -0.03320303604308244, -3.0326939595413283
0.1676613386311776, -0.03318746291671125, -3.02771496361773
0.1670710633555205, -0.03268314238100273, -3.0258015345599576
0.1670148296133196, -0.032971959910758575, -3.0364193374456643
0.1667993266073669, -0.032971959910758575, -3.033440027269182
0.16599595998772437, -0.03268314238100273, -3.028752087174322
0.16593731458355623, -0.032971959910758575, -3.0333894489132556
0.1666662201378256, -0.03320303604308244, -3.0325260458299925
0.16358030697787795, -0.03310045376184214, -3.023598981924649
0.16449081527280976, -0.03332820440168041, -3.0205744326760495
0.1640607739256913, -0.03332820440168041, -3.020208344473808
0.16363073257857286, -0.03354322507523964, -3.0256983700071878
0.1634157119050136, -0.03354322507523964, -3.0287677290422623
0.1618718964611377, -0.03331400507643467, -3.0291030742406004
0.16277064988433593, -0.03332820440168041, -3.020490102846867
0.1625556292107767, -0.03354322507523964, -3.0287255324096343
0.16101769120276757, -0.03331400507643467, -3.0290646709893125
0.16101769120276757, -0.03331400507643467, -3.0290646709893125
0.16148052584298056, -0.03354322507523964, -3.0252898654937743
0.16016348594439747, -0.03331400507643467, -3.0290260052490674
0.16105048449586212, -0.03354322507523964, -3.0255200995748552
0.16105048449586212, -0.03354322507523964, -3.0255200995748552
0.16083546382230288, -0.03375824574879887, -3.017341365050892
0.16000611585815264, -0.033888694779608736, -3.0129976074602887
0.1587255474933059, -0.03366259933415078, -3.0167463422788154
0.15936265962816007, -0.033888694779608736, -3.0098209633047075
0.15936265962816007, -0.033888694779608736, -3.0098209633047075
0.15914817421816255, -0.033888694779608736, -3.0129541116269296
0.15911529843382904, -0.03418828709591732, -3.017378341913797
0.15829023257817243, -0.033888694779608736, -3.0129103323414306
0.15847023641315136, -0.03418828709591732, -3.0203912082291273
0.15825521573959214, -0.03418828709591732, -3.017324352800169
0.15825521573959214, -0.03418828709591732, -3.017324352800169
0.156746664910917, -0.03395465902021226, -3.0235217728312818
0.15761015371891446, -0.03418828709591732, -3.020346965411119
0.15761015371891446, -0.03418828709591732, -3.020346965411119
0.15753269735140207, -0.03383397193456926, -3.0360706911958477
0.1573171943454494, -0.03383397193456926, -3.0329685340861405
0.1573171943454494, -0.03383397193456926, -3.0329685340861405
0.1579856878389805, -0.03428810258043807, -3.0367554468687934
0.1566706853275914, -0.03404947494052193, -3.0409821595050506
0.15645518232163874, -0.03404947494052193, -3.0378793717000576
0.15645518232163874, -0.03404947494052193, -3.0378793717000576
0.15503825439417673, -0.03416821033480479, -3.028903572487959
0.1556749676568814, -0.03440330776947655, -3.028518031970486
0.15418404913580663, -0.03416821033480479, -3.0288630298500303
0.15418404913580663, -0.03416821033480479, -3.0288630298500303
0.15354339519202903, -0.03416821033480479, -3.0323073302188885
0.15307249230472186, -0.03408757181575739, -3.055034509009837
0.1506975956082633, -0.033677821932256866, -3.079471132079489
0.1506631473745605, -0.03314589242240331, -3.1074994775900193
0.15075877716609884, -0.03345367677749168, -3.132291595157968
0.1480994831694878, -0.032767280119013316, 3.131031938429425
0.14582180739640319, -0.032072245028534424, 3.112126684728812
0.14561272333593533, -0.032095112096234266, 3.090664866074806
0.1442061553442222, -0.03185449401633565, 3.0649177248170663
0.14236226086878548, -0.031135034428316583, 3.0399444984111432
0.1386230891343221, -0.030172148776572386, 3.019470746011645
0.14149267647117486, -0.030381863045957788, 2.99001882081801
0.13855757485840026, -0.029598986579658263, 2.968702939350056
0.1380007698059696, -0.028848834873634828, 2.940827146900001
0.13713456422637768, -0.02829075261992988, 2.9183962022463756
0.13535484871794137, -0.027544388928293317, 2.900146700130515
0.13433825407309127, -0.02673827207875332, 2.8760549353198854
0.1332296120146454, -0.02612768728326109, 2.8475381229113
0.1315840002144107, -0.025370771283170692, 2.817589319340376
0.13046608632015358, -0.024502691664740544, 2.790374803153669
0.13023248471342244, -0.023973143952222043, 2.7781806997444654
0.12877442773118186, -0.023295876373480136, 2.755189617941631
0.12683351531319065, -0.02181622017191475, 2.7180139273341224
0.12626621273934807, -0.02147384570397076, 2.7026949026341898
0.1245780869932382, -0.020548962803008365, 2.6811658925171695
0.1246018941367743, -0.019617253229146127, 2.660101514730812
0.12298062991031063, -0.01888707754294474, 2.6347438332355133
0.12249990330670311, -0.01786905443665441, 2.6207991643434227
0.12110454770738312, -0.016533776903312942, 2.588213779027372
0.11971690569044897, -0.015578135678079813, 2.562854624915026
0.11917593913798102, -0.014789819785109156, 2.542414391006293
0.11900036779176722, -0.013772194464146658, 2.5209199147230557
0.11813466779749536, -0.012718878467248588, 2.5089111978754346
0.11764619802641522, -0.011894376638700068, 2.486659473539791
0.11631960732430582, -0.010301367438314907, 2.4507996992223027
0.1156735165283545, -0.009460287597114495, 2.4282658304438227
0.11496475986955969, -0.007965723062123049, 2.407347898174564
0.11419396779370655, -0.007110190447532672, 2.3849262746047666
0.11227968258922444, -0.0055394150803032925, 2.3462907225636656
0.11131971872087784, -0.0042569682111234354, 2.3118715580050018
0.1122334119475856, -0.0030100915081727937, 2.290456593476682
0.11116892360514836, -0.0017168945730524844, 2.2698803577582405
0.10990089296444462, -0.0006414449005706885, 2.237414324684444
0.1095234136426514, 0.0006404877990798328, 2.2171676039826447
0.1081032756279899, 0.0021238364563455773, 2.1865521806158776
0.10840675238992527, 0.0034143859020448904, 2.1536493037160316
0.10914474039421719, 0.004520788063665801, 2.1434099448797252
0.10741631124004257, 0.005979436808590839, 2.113429757500843
0.10689123402083918, 0.007239645332088709, 2.092186677235998
0.10697009804032102, 0.008771548039306324, 2.0682485074171026
0.10587983237170914, 0.009952704242940659, 2.031509579050033
0.10599073744740264, 0.011302835180507727, 2.0140333210082972
0.1056545348928178, 0.01278079051122796, 1.9887652977903651
0.10521412224251442, 0.01400026626614103, 1.9695950145326375
0.10522621310115748, 0.015367722805848558, 1.9513326555723585
0.10466074313986477, 0.016592556839246854, 1.9187450096940657
0.10492074656049756, 0.018302604876679087, 1.8991240117725683
0.10468769671825132, 0.01936296829544892, 1.8755697048269981
0.10481277560670053, 0.020834993933989153, 1.848461788945622
0.10504680899425511, 0.021991506760992433, 1.8235793459615397
0.1050172951412759, 0.023741180775318994, 1.7884790956710965
0.10437415336078895, 0.02487123410022873, 1.7753630465178372
0.10468273830638473, 0.02606473038802697, 1.742430519312673
0.10503583209959705, 0.02727096654918544, 1.7204930656952435
0.10506724677952474, 0.028829427469991543, 1.695566791431684
0.10497140770662557, 0.030173967397451075, 1.667379653036389
0.10481243794742183, 0.031485994464044056, 1.6451223034910494
0.1058459629633916, 0.03329026254493768, 1.619048645811954
0.10555734098783337, 0.034125967668757376, 1.597624193106553
0.10603548335501341, 0.03541585144057448, 1.5815606062439518
0.10692138828425618, 0.036780957569784126, 1.5543122304502697
0.10750699619603403, 0.03825795689679939, 1.532239675153159
0.1078644039262991, 0.03972827550552799, 1.5078033144250618
0.10785429049191123, 0.040498646627397494, 1.4788863591402612
0.10785429049191123, 0.04156440048601322, 1.4659632615153317
0.10912310725924851, 0.043091836068976326, 1.4479291707998379
0.10837519623025021, 0.043477329211744214, 1.4198112132488263
0.10856349315574892, 0.04444119602866915, 1.4120683429424024
0.1099360839014038, 0.04580670162558492, 1.4035721044447569
0.1099360839014038, 0.04644586490408145, 1.3955360456896206
0.11007830239860868, 0.04738892168897633, 1.3881192650435177
0.11101328442303136, 0.048768841711851925, 1.3778687855821585
0.11122718285159211, 0.0498383338546557, 1.3679105717891358
0.11224198271330617, 0.05107761354831141, 1.3419828546770585
0.11267120635656928, 0.051936060834837657, 1.3431899155280955
0.11230868793266599, 0.05242492833289532, 1.3323372666879982
0.11252179739743386, 0.05327736619196679, 1.3138185477965432
0.11361781265691209, 0.05445080078274655, 1.3093614529843896
0.1147158124669094, 0.05584848764836379, 1.3020600174527037
0.1142609323511965, 0.05638015986559978, 1.3034713296376839
0.11422772929253351, 0.057007109759077475, 1.2882806199415306
0.11530698957245519, 0.05840503010001455, 1.275719792186516
0.11522379394501295, 0.058787649971945376, 1.2730347909427544
0.1154375672176382, 0.059428969789821144, 1.2633355611719626
0.11649525335341557, 0.060826857378259415, 1.2505774417513096
0.11733631721605663, 0.06201753782874447, 1.247546297146902
0.11735499692059945, 0.062331408620831204, 1.2432794159688467
0.11700244042273247, 0.06310003642542245, 1.2378725236485708
0.11683872182903278, 0.06342065410756242, 1.2305420743440254
0.11785036583063752, 0.06480700698127617, 1.2224932978425165
0.11928904028802229, 0.06591151682580941, 1.2148399923940099
0.11889861457282536, 0.06643701971609951, 1.2175322790114034
0.11993735028958763, 0.0674242401627952, 1.2253696614688034
0.11975864071801758, 0.06772705893388786, 1.2178546937854557
0.12058566029115296, 0.068936963499781, 1.2146932326148778
0.11977532643404176, 0.06887081269957401, 1.2131160016879978
0.12057903529753898, 0.07006910072548611, 1.2103944294663898
0.12020309545702049, 0.07036800427999954, 1.2049042107496808
0.12188228029428365, 0.07174630683989747, 1.2078946070111176
0.12063086447999921, 0.07143742683744633, 1.213377512335994
0.12143877886472286, 0.07264833142703775, 1.2106528100699547
0.12127251801446728, 0.07314850292936122, 1.2156142420832987
0.1227466936297041, 0.07433954684615882, 1.208083340759251
0.12229852243190674, 0.07436781856140551, 1.2108060964248102
0.12229852243190674, 0.07544249802038536, 1.2026723590727653
0.12361110696512455, 0.07606837351699972, 1.2081818133646787
0.12361110696512455, 0.07693278685242017, 1.2082745347109554
0.12315826599909062, 0.07716198515475312, 1.20282587439959
0.12358813778268256, 0.07759185693834506, 1.2041848777962387
0.124475520300545, 0.07866161352326108, 1.2083743976951742
0.1240180095662745, 0.07888147228912087, 1.2029792510876693
0.1240180095662745, 0.07931134407271281, 1.2035984423134085
0.12553463086424796, 0.08079391467387584, 1.2023318750739536
0.12526507650710617, 0.08055840265025967, 1.2016571013762989
0.12618619469226308, 0.08166266644456267, 1.2051787763068658
0.12487775313345838, 0.08146070299067251, 1.2032446466304925
0.12487775313345838, 0.08189057477426445, 1.2038792188031076
0.1262043469713859, 0.08298368020036333, 1.208670983335096
0.1262043469713859, 0.08319978353421845, 1.2158324931158542
0.1270549464629499, 0.08426892175662319, 1.2053680786706038
0.12573749670064227, 0.08403993369222414, 1.2035098995536089
0.1270549464629499, 0.0847032976419666, 1.222025441957054
0.12706876030680636, 0.08557692020662469, 1.208868741710779
0.12706876030680636, 0.08557692020662469, 1.208868741710779
0.12792369823363675, 0.0868751770686837, 1.205558421998206
0.12792369823363675, 0.08709236501135541, 1.212765641206824
0.12750096697451657, 0.08730574687746559, 1.2084451551265398
0.12771707030837168, 0.0875218502113207, 1.2189949210351938
0.1279331736422268, 0.08817016021288604, 1.2090681733894435
0.1279331736422268, 0.08817016021288604, 1.2090681733894435
0.1287924500043236, 0.08904705649540079, 1.2222489269296295
0.12749887602474763, 0.08858269295479936, 1.2120354819287875
0.12858148364379213, 0.08968288354987183, 1.2198128034558438
0.12858148364379213, 0.08989898688372694, 1.2117920956532076
0.12879758697764726, 0.09054729688529228, 1.216925297006358
0.12879758697764726, 0.09076340021914739, 1.2092691195124852
0.12879758697764726, 0.09097950355300251, 1.2163516776991037
0.12966120177501042, 0.09165331180746131, 1.222389348236984
0.12987838971768215, 0.09230487563547643, 1.2171576097881558
0.1294458969792126, 0.09227612355613318, 1.220089201720275
0.1294458969792126, 0.0924922268899883, 1.2120801403732784
0.1294458969792126, 0.09270833022384341, 1.2195218844526128
0.1296620003130677, 0.09335664022540875, 1.2094714301230136
0.1296620003130677, 0.09335664022540875, 1.2094714301230136
0.13101783102561546, 0.09455120139015248, 1.2255388379479206
0.13031031031463305, 0.09400495022697408, 1.2202491517865384
0.13074714148836897, 0.09491113094753695, 1.2173901034758383
0.13031031031463305, 0.09486936356239453, 1.2203644453482083
0.13031031031463305, 0.09508546689624965, 1.2123679188602687
0.13031031031463305, 0.09530157023010476, 1.2197845462353598
0.1313987053163841, 0.0964314465462389, 1.2062380959120815
0.1313987053163841, 0.0964314465462389, 1.2062380959120815
0.13161589325905582, 0.0964314465462389, 1.2099460967253317
0.1313987053163841, 0.09730019831692574, 1.2063276214082088
0.1311747236500535, 0.09681429356709055, 1.212531180696791
0.13161589325905582, 0.09730019831692574, 1.2100571060454508
0.13254637238758096, 0.09826337326921158, 1.2216283659605371
0.1313908269839086, 0.097678706902511, 1.2097816729856723
0.1311747236500535, 0.097678706902511, 1.212655320723815
0.1311747236500535, 0.09789481023636612, 1.2200465356963355
0.13226745708707094, 0.098603325972956, 1.2227478532347633
0.13226745708707094, 0.09903770185829942, 1.2064315792753253
0.13248464502974264, 0.09903770185829942, 1.2102068040670195
0.13203913698547395, 0.0991914302394968, 1.2207964726242242
0.13203913698547395, 0.0991914302394968, 1.2207964726242242
0.13203913698547395, 0.0994075335733519, 1.2128181286594621
0.13203913698547395, 0.0994075335733519, 1.2128181286594621
0.1334198245944184, 0.1008837298897239, 1.2218209545394954
0.13363818764612775, 0.1008837298897239, 1.2182903686050781
0.13203913698547395, 0.09983974024106214, 1.2292936040595308
0.13225524031932906, 0.10027194690877236, 1.2099868712596407
0.13203913698547395, 0.10048805024262747, 1.2203077684510442
0.13313620885775776, 0.10120958128501652, 1.222885616851026
0.13335339680042949, 0.10142676922768822, 1.2188074664268664
0.13335339680042949, 0.10164395717035993, 1.2104666485345716
0.13335339680042949, 0.10164395717035993, 1.2104666485345716
0.13429327680125583, 0.10284899735510812, 1.2143540530801638
0.1337877726857729, 0.10251270894104676, 1.2099462189709178
0.1337877726857729, 0.10251270894104676, 1.2099462189709178
0.1340049606284446, 0.10251270894104676, 1.2066398651579702
0.1331196536547495, 0.10200077357961326, 1.2100944823327184
0.1329035503208944, 0.10178467024575814, 1.2373084574435884
0.1329035503208944, 0.10308129024888882, 1.2205681675408702
0.1344842824804197, 0.10479294738734002, 1.2409215435103795
0.13418614477525104, 0.10595928584194579, 1.2627382445779618
0.13381656862411653, 0.10714000794216137, 1.2963608153660484
0.13379200571494385, 0.10824595931629762, 1.314798498782542
0.1332472852404331, 0.10949169143743855, 1.3400547339348146
0.1341039602434733, 0.11149972707439514, 1.372796446072079
0.1348306193708486, 0.11319653295640125, 1.3883321274592828
0.13492401427774434, 0.11455399264165632, 1.4173150815137563
0.1340027948565702, 0.1154820833723288, 1.4423667260028754
0.1332224767767803, 0.11589272370012597, 1.4732322653877445
0.13294903819543508, 0.11733349047916863, 1.48976296199906
0.13285664480824846, 0.1189631394688238, 1.5200254219300169
0.13278202881634685, 0.11996019624651957, 1.5468553266180205
0.1336736798222817, 0.12249768364041883, 1.572599629397898
0.13198830072453444, 0.12243651580367997, 1.5928254833876083
0.1314308599452425, 0.12362308608710927, 1.6094262863935545
0.13083963572874036, 0.12455760023845315, 1.645260103143766
0.131170215453098, 0.12637661953952964, 1.6646769092958063
0.13048796434522758, 0.1274432451771723, 1.6813273166327152
0.1306786229882779, 0.12936746623588713, 1.721570191122456
0.13078452445428965, 0.13100396157585725, 1.7409074457142721
0.1290959523484579, 0.13127662721920888, 1.7662428637906327
0.12820971437312126, 0.13190389258387222, 1.7900251873057085
0.1280592319652404, 0.1332861393923931, 1.8230123438922257
0.12760400483264656, 0.13502030596821918, 1.8487370770077984
0.12684313006675949, 0.13535755704198085, 1.8694439816120054
0.12555990374928694, 0.1359870237838298, 1.8918166187721743
0.12571745323852407, 0.1377217239470637, 1.93598396624591
0.12544932241421333, 0.13904697624232737, 1.9542171471953131
0.12382107119852638, 0.13905389190836268, 1.9679158744472782
0.12347564714736038, 0.14030330171434577, 2.0003682251328265
0.12295372413123547, 0.14154992795891344, 2.022190921579654
0.12298614384556471, 0.14370423976220106, 2.0515025136586917
0.12157649164998062, 0.14374115890024786, 2.086912597415215
0.12009967844014749, 0.14390125107646765, 2.0968545335917925
0.11969163491711342, 0.1458261386880061, 2.1335006721839322
0.11835936789145621, 0.14570672646157087, 2.172113004659165
0.1177797277840505, 0.14722465973006313, 2.186572276771334
0.11735294117647058, 0.14867647058823527, 2.209957734236326
0.11667261889578033, 0.14937630752565814, 2.235942438337275
0.11472633684347064, 0.1487274500571187, 2.253444750189285
0.11431888168113769, 0.14971376620164378, 2.291053188955672
0.11325701660004286, 0.15071556294636054, 2.3172756784511135
0.1126504471634684, 0.1512293674249302, 2.351449315411352
0.11160992345593163, 0.1519747771959227, 2.384001655905105
0.11066638840716467, 0.15211117131662075, 2.413238066715893
0.10958027763669739, 0.15248821767516324, 2.4409313118929408
0.10954894374750411, 0.1544351235385707, 2.4700149011707797
0.1081647941533778, 0.1542678211695716, 2.4964568756946197
0.10712113376783965, 0.15470593492504114, 2.5166520284592258
0.10524470883744748, 0.15412405059877246, 2.5442162018486103
0.1053643676664833, 0.15549562470358905, 2.569521221813104
0.10349756368946648, 0.15458572278724567, 2.602604233304441
0.1030021114848717, 0.15572147177175227, 2.6295137269262705
0.10209424348283752, 0.15624858133025568, 2.6626934747566473
0.10050480572325718, 0.1553857193747726, 2.682100480934646
0.10021121142979825, 0.15595784560266615, 2.710969330640592
0.09853401579574242, 0.15449431429889235, 2.7287068724664474
0.09896635460979854, 0.15678939325822017, 2.763127405914403
0.09779031949072152, 0.15704367936437055, 2.7991918773653053
0.09595588235294117, 0.15551470588235292, 2.814755330459456
0.09611685486726143, 0.1572213055253348, 2.8511987682118267
0.09419117647058822, 0.15551470588235292, 2.866868524063677
0.0941730550505126, 0.15695509175085434, 2.903078842258112
0.09266107412314242, 0.15643500283619247, 2.921682409304341
0.09175634477203344, 0.1560301128490617, 2.9454205716116686
0.09117607062464674, 0.15633360402226013, 2.9646493962112723
0.09017341616129283, 0.1557540824604149, 2.9885580145180595
0.08973940808159468, 0.15632025923890686, 3.0217589240801503
0.08860396686870685, 0.15505694202023698, 3.0475315310194135
0.08798851034387817, 0.1553130523494213, 3.0804666839089037
0.08697531059681873, 0.15504294497693774, 3.1025091385524464
0.08590995358634587, 0.15393120218427525, 3.121159866596643
0.08674042930233283, 0.1561777159718169, -3.1232072893907796
0.08480571253767819, 0.15326865755507466, -3.1001786249247534
0.08452843485112818, 0.15393072872889657, -3.070751258615818
0.08398903260097461, 0.15309112027003044, -3.0548721313594234
0.08284470902224089, 0.15262033293134752, -3.022232837777681
0.0822411513720921, 0.15188083600168623, -3.0060274895773524
0.08277131059522524, 0.15323877772359268, -2.971170653723935
0.08129470111053211, 0.15066028847114918, -2.95149116161101
0.07988058296135911, 0.14922746267506648, -2.920666502355969
0.08033525380535288, 0.15026897337144518, -2.882683092635171
0.08089629430384591, 0.1498243697243831, -2.8473785462645993
0.07941176470588235, 0.14845588235294116, -2.838691054091087
0.07857463444129345, 0.14727256902264776, -2.803308469000112
0.07869645280013589, 0.14808233935349513, -2.777662105817676
0.07837077088419947, 0.14744331471434138, -2.7537472000929717
0.07743300725482519, 0.1458468290055372, -2.7370242463580254
0.07734088098563238, 0.1458679863603665, -2.7051078456599242
0.07720466399337657, 0.1462243063026416, -2.6926079596265877
0.07648063067098737, 0.14502667141645445, -2.6688239524992063
0.07567688495922373, 0.14369859369424853, -2.6592794620499705
0.07465257777006772, 0.1419267030861171, -2.641692918623154
0.07551557843823094, 0.14398597171604383, -2.632337084215035
0.07489889160171247, 0.14257069717168075, -2.607160068898872
0.07575639167274435, 0.14398144616164862, -2.6084367017359047
0.07445039309523202, 0.14209263814930712, -2.5993570476037866
0.07443016282348866, 0.14247430575975492, -2.5848733642377266
0.07443016282348866, 0.14247430575975492, -2.5848733642377266
0.07420995524117065, 0.14181368301280087, -2.580048606880493
0.07417927482478597, 0.14217694341417308, -2.572248430097319
0.07354933249421661, 0.14159347543048287, -2.5848990072559515
0.07246214318609373, 0.13990431862134362, -2.5711246736155267
0.07246214318609373, 0.13990431862134362, -2.5711246736155267
0.07266850216494455, 0.14093285268352881, -2.5813425621763755
0.07158910531638177, 0.13990431862134362, -2.5710661403938104
0.07097489073803297, 0.13933720881086226, -2.583399126206226
0.07115612791402706, 0.14033569671933116, -2.5917042581138743
0.07051883946126145, 0.13972366328038757, -2.604263182563946
0.071326193329309, 0.1413233271555874, -2.6082357077988467
0.06965781349528555, 0.13866053783544302, -2.614760218234828
0.07000888248553122, 0.14068030960026304, -2.619842028926957
0.06900272434015747, 0.13887890088715238, -2.6193253853088767
0.06913087938660209, 0.14002305506330867, -2.630894352126542
0.06814001033676959, 0.13823931809536322, -2.6304210430590587
0.06770461090969758, 0.13823931809536322, -2.630874559853928
0.06748691119616157, 0.13802161838182722, -2.62643343468752
0.06825023124154983, 0.13936256895451948, -2.627766343689633
0.06758974513276064, 0.1391424069182564, -2.6328996390450987
0.06736958309649757, 0.1391424069182564, -2.630818536125424
0.06639841262848155, 0.1373685192412192, -2.6304635513646906
0.06671345390179442, 0.13825485512542923, -2.6400187725230597
0.06649400175080168, 0.13825485512542923, -2.637981679154308
0.06648893495144531, 0.1387020828457303, -2.630066257219251
0.06583564529782344, 0.13781595082344375, -2.6407189998413227
0.06487451463372951, 0.13649772038707517, -2.629117976635066
0.06487451463372951, 0.13649772038707517, -2.629117976635066
0.0656161931468307, 0.137596498672451, -2.6383964087576337
0.06423593901145361, 0.13606734378439667, -2.638358245265935
0.0640037157795855, 0.13649772038707517, -2.629067159888897
0.0640037157795855, 0.13649772038707517, -2.629067159888897
0.06358489908904023, 0.13606734378439667, -2.63740911114796
0.0633678857815691, 0.13606734378439667, -2.63834462259465
0.06408002808988149, 0.1371575943704655, -2.6433053337274193
0.06313291692544147, 0.13562692153293116, -2.629098231059546
0.06249983255168459, 0.13498227724704104, -2.642084772138745
0.06249983255168459, 0.13541630386198328, -2.6414557723249614
0.062282819244213465, 0.13519929055451216, -2.6366985070992777
0.06298276733491776, 0.13649923791748728, -2.6378092687321137
0.06255372571773984, 0.13604341747004958, -2.646752451582903
0.06233500639704845, 0.1358246981493582, -2.6510247036462267
0.061631779321800084, 0.13519929055451216, -2.645301783330199
0.06189756775566565, 0.13604341747004958, -2.6540914529094453
0.06167884843497425, 0.1358246981493582, -2.649421969480955
0.062104958730946784, 0.1360603336155018, -2.639950762761431
0.06144660227796855, 0.13627978576649452, -2.6432403328237686
0.06144660227796855, 0.13627978576649452, -2.6432403328237686
0.06080397115220866, 0.1356059788286668, -2.6475678435564887
0.06080397115220866, 0.135168540187284, -2.646662051732843
0.06078824582499031, 0.13562142931351628, -2.6383472775573575
0.06056879367399757, 0.13540197716252356, -2.6432736564368313
0.06056879367399757, 0.13540197716252356, -2.6432736564368313
0.06032439793607953, 0.13583997637431047, -2.627363696754009
0.05964972150886539, 0.13453842296525112, -2.626366914486095
0.060049839220073745, 0.13429327680125583, -2.6146416529526197
0.059130703896088786, 0.1338105928907787, -2.6070208649257336
0.05819868486795423, 0.13330793099942725, -2.593042432015223
0.056108661349157936, 0.12991313127766568, -2.5700778833285804
0.0555902721292426, 0.12956643192768996, -2.558535336487467
0.05495961184873632, 0.1292528420948542, -2.5361103605585416
0.0537609592936356, 0.12863452203456938, -2.5199933551124536
0.052471305866383836, 0.1269676043186572, -2.5049126680021074
0.05182351196679885, 0.1263198104190722, -2.492801552412043
0.05110912974224473, 0.12582374737391605, -2.4771292938416605
0.0502428733059355, 0.12517405504668414, -2.4731724192849103
0.04900563498481386, 0.12403196111200676, -2.4668588110871235
0.047475884169176356, 0.12137499798907078, -2.442947938481428
0.047155098337232734, 0.1219078809547814, -2.439032239927283
0.046108849137488105, 0.12092698170020465, -2.4281396865873575
0.04549004247923012, 0.12014594951452166, -2.4205646645017334
0.044428713130797694, 0.11956550739611732, -2.4091257366685768
0.04355756189293891, 0.11847656834879385, -2.4052559578279586
0.04178550945573189, 0.1160947917352551, -2.38950952148489
0.04094557113100738, 0.11529410818467868, -2.3745650056320247
0.0400835591071967, 0.114432096160868, -2.374595128309833
0.03900604407743335, 0.11335458113110465, -2.3802084443860516
0.03814403205362266, 0.11249256910729397, -2.3803057414874407
0.03685101401790664, 0.11163055708348328, -2.370818996443589
0.03620689655172414, 0.11077586206896552, -2.3639959925128022
0.03491148696433261, 0.10947552702395658, -2.347542583390311
0.03404947494052193, 0.10839801199419323, -2.3521079367896687
0.03318746291671125, 0.10753599997038255, -2.3521424172249525
0.032325450892900565, 0.10688949095252454, -2.37035060425317
0.031247935863137212, 0.10559647291680851, -2.3478598505903436
0.030172413793103446, 0.10474137931034483, -2.364605288002053
0.02887740279765784, 0.10387244886918715, -2.37091110039505
0.028015390773847158, 0.10301043684537646, -2.37094776648614
0.027153378750036473, 0.10214842482156579, -2.370985264640128
0.02629136672622579, 0.1012864127977551, -2.3481885754213825
0.02542935470241511, 0.10042440077394442, -2.348226140174093
0.02413633666669909, 0.09977789175608641, -2.352323507923093
0.023705330654793747, 0.09870037672632306, -2.3483039570089828
0.02215909090909091, 0.09651988636363636, -2.355518875816639
0.021093749999999998, 0.09545454545454544, -2.3602207658614986
0.020241477272727272, 0.09460227272727273, -2.3603243068857234
0.01939527053574034, 0.09460581961322231, -2.344180860247102
0.01853325851192966, 0.09352830458345897, -2.348560855323963
0.017455743482166306, 0.09266629255964828, -2.3471249806564694
0.01619318181818182, 0.09055397727272727, -2.3556500040502217
0.015127840909090908, 0.08970170454545454, -2.3659925990707316
0.014223198392876248, 0.09008025648821624, -2.3715846412608257
0.013209374422261697, 0.08799147800635615, -2.3722828959006526
0.012357156717599653, 0.08713926030169411, -2.3723818964920462
0.011079545454545455, 0.08607954545454545, -2.3602511105496107
0.010227272727272727, 0.08522727272727272, -2.3603085769761525
0.009375, 0.08437499999999999, -2.3603674733820044
0.00830965909090909, 0.08330965909090908, -2.3676873487743673
0.0072438504896273825, 0.08245206292605285, -2.371177459946477
0.006465090178580113, 0.0823221482739201, -2.3492438490607186
0.005326360654137782, 0.08032151866439774, -2.348808639186793
0.004474142949475736, 0.0794693009597357, -2.348874126511675
0.0036219252448136913, 0.07861708325507365, -2.3489414770815817
0.0027697075401516462, 0.07733875669808059, -2.35021812977916
0.001508222216143294, 0.0773502536564918, -2.33766047825169
0.0006463809497756974, 0.0764884123901242, -2.337734029521286
-0.0006391632784965338, 0.07456904915792895, -2.343801148532408
-0.001491380983158579, 0.07371683145326689, -2.3438242794007613
-0.0023705330654793747, 0.07370202803581329, -2.347394362671907
-0.003409090909090909, 0.07180397727272726, -2.3561865185757136
-0.003622159090909091, 0.0715909090909091, -2.3753936137892717
-0.003620056105096998, 0.07240112210193995, -2.391701027717762
-0.0042569682111234354, 0.0717299143574299, -2.401430691951913
-0.004679951929018343, 0.07147562946137107, -2.42622907955639
-0.004506848254262771, 0.07275340753309903, -2.4522133461408537
-0.004282150223418586, 0.07322476882045782, -2.4675565468051017
-0.0038367138910166045, 0.07375016701620807, -2.508950394771609
-0.0034430486160366646, 0.07510149793729974, -2.5254675839461633
-0.0034295234284311086, 0.07544951542548439, -2.544297866980772
-0.003013858709110534, 0.07620757021608064, -2.5800547852923374
-0.0027914168797801074, 0.0768713263816368, -2.59548496071014
-0.0021528981248981217, 0.07771962230882219, -2.6206994264346006
-0.0017058676619488315, 0.07783021207641544, -2.6548508139688325
-0.0014983618710526932, 0.07834292068646939, -2.681578105567045
-0.0008589538281588303, 0.0792384906476521, -2.705161113696703
-0.0006458694374694364, 0.07987252043372031, -2.7332810594853303
0.0, 0.08004022294712791, -2.7607089737902335
0.0004294487507354011, 0.0809510895136231, -2.7822859370450086
0.0008644133354204514, 0.08211926686494288, -2.811314360809922
0.0012896153507758181, 0.08210551066606042, -2.8469074899388858
0.001727450398893295, 0.08291761914687816, -2.8623237218608173
0.0021437323142813602, 0.08296244056268864, -2.8938203360908954
0.002780498649361684, 0.0829871904578718, -2.921879675777832
0.0036835559905581614, 0.0849384675469882, -2.936120736935302
0.003896854535386714, 0.08486483210397733, -2.9761771149576237
0.004741066130958749, 0.08512368735130482, -2.991776688065026
0.005182351196679885, 0.08572472604507977, -3.0238730280371087
0.005797558134927915, 0.08546030139634482, -3.0520928729792556
0.0065064782151110145, 0.08675304286814686, -3.072674942950983
0.007168645023748216, 0.08732713028929645, -3.1074140194749154
0.0076983399564664445, 0.08639248173367899, -3.13799830233115
0.008472035028066073, 0.08819605695884168, -3.121569766416992
0.00903978884247363, 0.08781509161260098, -3.096882555579941
0.009747986105618072, 0.08859836260439537, -3.074705751483017
0.010290587717964495, 0.08789877009094674, -3.048919109921666
0.010076200473840235, 0.08789877009094674, -3.027941414774989
0.009233148140811123, 0.08803699390075723, -3.059576978675979
0.007740235306730041, 0.08815267988220325, -3.0808866346269754
0.006672225098016251, 0.08781509161260098, -3.0885589561655196
0.005603448275862069, 0.08793103448275862, -3.1290360969836195
0.00452705843749526, 0.08773870400288433, -3.1379552286118573
0.0030180389583301737, 0.08709198136895643, -3.1220067846084
0.0021540343688747827, 0.08702298850254123, -3.0898721730047054
0.0008609322707117743, 0.08652369320653332, -3.0738492247424567
-0.0004300130725961134, 0.08621762105552074, -3.0546234167468036
-0.001727450398893295, 0.08637251994466476, -3.027478826513788
-0.0027761670897028896, 0.08499342320782692, -2.9986734303046423
-0.0038607373799554256, 0.08472173694902184, -2.976219108278494
-0.005133562285458098, 0.08406208242437635, -2.960418318914564
-0.006652966470578377, 0.08369861043630862, -2.936512341532606
-0.007671940731643218, 0.08247336286516459, -2.9147000904925653
-0.008540390975142692, 0.08220126313574841, -2.878665563430275
-0.010261117086012284, 0.08123384359759725, -2.8444250021526094
-0.011336616713719966, 0.08063970756740428, -2.821284242343017
-0.012833070689361618, 0.07999280729702075, -2.7970299691470464
-0.013678822577626596, 0.07886696142412834, -2.777367117886328
-0.015006126199969522, 0.0784606027026978, -2.746702787149001
-0.01604133836170202, 0.07721230864765907, -2.7211568534586608
-0.016847622250190764, 0.07656071376985422, -2.685010094660666
-0.017980342452632317, 0.07598835203195801, -2.6701671613827327
-0.019046226869429635, 0.07428028479077559, -2.6412415113418897
-0.020015490035774665, 0.07388696853631711, -2.6195886725617075
-0.020968218970040156, 0.07201206514963286, -2.5974116337047866
-0.022193508363291786, 0.0717021039429427, -2.5678850509618822
-0.02289195346724097, 0.07015959812645149, -2.547642094115932
-0.024044125465777232, 0.06936623806941042, -2.517613218799599
-0.024765528231086867, 0.06874569043456871, -2.489536673084094
-0.025223541320385887, 0.06719212267699433, -2.463563424794495
-0.026311951193606947, 0.06641645744837883, -2.4468597074577163
-0.02720955525495109, 0.06547299233222606, -2.4307272445054724
-0.02758264907418355, 0.0637980356448673, -2.4062871474447163
-0.028969791825450043, 0.06305189985539127, -2.385778613528299
-0.029614565237006063, 0.062211892440329285, -2.3469162911765507
-0.030335163855164302, 0.0604596668502233, -2.346193261478921
-0.03095152224354948, 0.05937638961007451, -2.322759835973373
-0.032121488240080445, 0.05871212420041194, -2.3017776677951995
-0.03260308452240419, 0.0567924698132202, -2.3006605722746456
-0.03339406096473498, 0.05586679381521702, -2.2779559010319
-0.034620755297315536, 0.0554356879300574, -2.2720661873493793
-0.035251134089591775, 0.0535061856717018, -2.2676455887309563
-0.03584248473368621, 0.05261089864418268, -2.260340018700365
-0.036680905429211035, 0.05156287277477665, -2.2568593933087904
-0.03794129324663087, 0.05108297023708402, -2.2495314164355076
-0.038690380278111045, 0.050107213802799554, -2.2399477635891962
-0.039377253705444815, 0.0491157142992645, -2.2402783612968236
-0.040012370700693925, 0.04826889163893236, -2.236195816061432
-0.04120471507413591, 0.04760959306493424, -2.21941096687328
-0.04137841894957726, 0.045811820979889104, -2.2223482473740566
-0.04243399086155627, 0.04496736345030589, -2.2188163402942074
-0.04327844839113947, 0.04412290592072268, -2.2188682324428637
-0.04391179153832688, 0.04327844839113947, -2.2225968601060195
-0.04412290592072268, 0.04243399086155627, -2.2189862044149837
-0.04496736345030589, 0.04158953333197306, -2.2190471812983574
-0.045811820979889104, 0.04074507580238985, -2.219112123812251
-0.046656278509472314, 0.03990061827280664, -2.2191811489805984
-0.047500736039055524, 0.03905616074322343, -2.2192543761067647
-0.04725281401125328, 0.03805315110640751, -2.231290090009482
-0.047811742135053396, 0.037163712227246744, -2.228147871981607
-0.04918965109822194, 0.0365227881544738, -2.219488028514359
-0.04892547999395251, 0.03554415213235866, -2.2313249830723185
-0.04976181298530213, 0.034707819141009046, -2.231329673781863
-0.05087856615738836, 0.03462275871291158, -2.2290808558709934
-0.05172302368697157, 0.03398941556572417, -2.219768627550838
-0.05222144223329742, 0.03298196351576679, -2.227819230994548
-0.052855710762446786, 0.03234769498661743, -2.2234648916759134
-0.05327855644854636, 0.032136272143567644, -2.235037550056589
-0.05391282497769572, 0.031290580771368495, -2.227993030466971
-0.05454709350684508, 0.030444889399169346, -2.233709472032233
-0.05436164443772501, 0.029689821192911352, -2.243875775933337
-0.054779810933399814, 0.028853488201561736, -2.2313752562068823
-0.05532799854056397, 0.027977176620511593, -2.2314632354409802
-0.05644989909429317, 0.027907815282571902, -2.228368230674757
-0.056789768864470826, 0.027233755329058498, -2.2206670144943654
-0.05687064341177386, 0.02634448922751289, -2.245617610791985
-0.05728880990744866, 0.025508156236163274, -2.231405989915263
-0.05847868392363724, 0.02554484026989208, -2.220959443345686
-0.0580422022425539, 0.02463661821806245, -2.2275568102969023
-0.05866855694301312, 0.024010263517603235, -2.2173299238984683
-0.0591705591379853, 0.023835490253464042, -2.2274703610995275
-0.0595036965436254, 0.022966339016837877, -2.233768302678685
-0.06000689212933492, 0.02216282427076481, -2.2276529584042972
-0.06033883614423769, 0.0212960598156133, -2.234465600493051
-0.061524047327488056, 0.021353707148028502, -2.218286108085908
-0.06117397574484998, 0.020460920215001017, -2.234925864838525
-0.06167955811203415, 0.02049015828806558, -2.2278624257208524
-0.062306807855546355, 0.019653825296715964, -2.2314442580916953
-0.06251589110338376, 0.019653825296715964, -2.227976339464166
-0.0635454291011365, 0.019633637562809617, -2.222127781966856
-0.06335222409473337, 0.01881749230536635, -2.2280965258198613
-0.06377039059040819, 0.017981159314016733, -2.2286767424924623
-0.064188557086083, 0.017353909570504523, -2.2351096647065596
-0.0643976403339204, 0.017144826322667117, -2.250771746746622
-0.0650248900774326, 0.0163084933313175, -2.228479757048955
-0.0650248900774326, 0.015472160339967888, -2.2286076672691086
-0.06555845864806448, 0.015450082611327298, -2.2315789933036303
-0.06586122306878223, 0.014844910596455676, -2.235712389602453
-0.06597602844837062, 0.014614943010715012, -2.2293689315706784
-0.06660238314882984, 0.014614943010715012, -2.22374475686763
-0.06596744004360654, 0.014268819319776962, -2.2298470478110985
-0.06701995294913599, 0.013988588310255796, -2.2174204236288872
-0.06753388905148146, 0.013799494357268656, -2.228936100960306
-0.0676463076495952, 0.012944663809490439, -2.2313127546313662
-0.06806387744990135, 0.012944663809490439, -2.2329796409435865
-0.06837022204283107, 0.012544994870244233, -2.222613141127752
-0.06837022204283107, 0.012126828374569425, -2.229255037736446
-0.06920655503418069, 0.011708661878894617, -2.2226511995748606
-0.06889901705051363, 0.011274384608265867, -2.23366992225041
-0.06941563828201809, 0.010454162391870194, -2.2243386095221025
-0.06973415665112591, 0.010021675207347437, -2.2254625160737866
-0.0700428880255303, 0.009617829400520578, -2.2297945347107753
-0.0700428880255303, 0.009408746152683174, -2.24696146648027
-0.0701033297015129, 0.009305751730289323, -2.2299447139342172
-0.0701033297015129, 0.009305751730289323, -2.2299447139342172
-0.07098686605204435, 0.008768965806429007, -2.232446746474486
-0.07119565095219742, 0.008977750706582079, -2.228270374242615
-0.07171555400822953, 0.008781496409170962, -2.2300150890837234
-0.07171555400822953, 0.008781496409170962, -2.2300150890837234
-0.0720307905528097, 0.007933826205816721, -2.2230365343670186
-0.07223957545296278, 0.007307471505357506, -2.2168677046306264
-0.07175768556467545, 0.0066174234526501854, -2.2218521634234616
-0.07265714525326891, 0.006472331904745219, -2.2148166932421667
-0.07265714525326891, 0.006054762104439076, -2.232924264712075
-0.07227703442477544, 0.005782162753982035, -2.2470222755501865
-0.07317018072720213, 0.00562847544055401, -2.216356367434485
-0.07269004605005987, 0.004956139503413173, -2.2220138796672133
-0.07310305767534431, 0.005162645316055389, -2.246043835841361
-0.073412041427838, 0.005169862072382957, -2.2300522322058
-0.073412041427838, 0.004963067589487639, -2.221756279869659
-0.07432742445449349, 0.0048020527035206465, -2.2150082187935327
-0.07453620935464657, 0.0048020527035206465, -2.2295130704861013
-0.07506088597362799, 0.004599831452422885, -2.2310995605295627
-0.07423921935941927, 0.004342684140801684, -2.2300774790718787
-0.0752699692214654, 0.00376349846107327, -2.226348241560406
-0.07444601384231458, 0.0033087117263250927, -2.2503881616105197
-0.07537134895525885, 0.0029229886021430026, -2.2245018741531366
-0.07506639729100054, 0.0024815337947438195, -2.221654639397414
-0.07599770365571806, 0.0022966339016837877, -2.215281815338871
-0.07620648855587113, 0.002087849001530716, -2.2248317861678846
-0.07620648855587113, 0.002087849001530716, -2.2248317861678846
-0.07620648855587113, 0.002087849001530716, -2.2248317861678846
-0.07620648855587113, 0.002087849001530716, -2.2248317861678846
-0.07589357522258182, 0.0016543558631625464, -2.2216165565927346
-0.07610036970547714, 0.0018611503460578647, -2.231636142121994
-0.07683284325633034, 0.0014614943010715013, -2.2153987525117014
-0.07704162815648342, 0.0012527094009184296, -2.225170928591149
-0.07704162815648342, 0.0012527094009184296, -2.225170928591149
-0.07672075315416309, 0.0008271779315812732, -2.2215809127309276
-0.07766798285694264, 0.0006263547004592148, -2.2155208089666694
-0.07766798285694264, 0.0004175698003061432, -2.2067867143180964
-0.0770266681155464, -0.0, -2.222696309297101
-0.0770266681155464, -0.0, -2.222696309297101
-0.0778767677570957, -0.0002087849001530716, -2.210903216874623
-0.07808555265724877, -0.0002087849001530716, -2.219799730924745
-0.07808555265724877, -0.0002087849001530716, -2.219799730924745
-0.07850312245755492, -0.0002087849001530716, -2.215647930831391
-0.078711907357708, -0.0004175698003061432, -2.2258764851313853
-0.078711907357708, -0.0004175698003061432, -2.2258764851313853
-0.07816831453443032, -0.0006203834486859549, -2.2281113362500484
-0.07816831453443032, -0.0010339724144765915, -2.2409307579969404
-0.07903346768253867, -0.0012544994870244232, -2.2254880762410396
-0.07997428698638193, -0.0018842109499409353, -2.2443754239179796
-0.08072338692280312, -0.002905211868687002, -2.2582509217197533
-0.08105905390715251, -0.003497471869090337, -2.2861319755540563
-0.08216690005541481, -0.004324573687127096, -2.3050468963993107
-0.08435417437954208, -0.004998765889158049, -2.3370396428077065
-0.08518730202773508, -0.005623611625302805, -2.36005387128364
-0.08583744497271088, -0.0063812009452135195, -2.4015794546922953
-0.08655656580586389, -0.006784718934901445, -2.418746965612883
-0.08902399226190884, -0.0074705448051951475, -2.4491910994909
-0.08965659523201602, -0.008075305344223153, -2.449317232746635
-0.09106906337521706, -0.008260232505688622, -2.492843905258402
-0.09185793415686838, -0.00904194430179465, -2.5088574777287995
-0.09314457630322527, -0.0096215276620914, -2.574490370072491
-0.09518656057921088, -0.010301575820260919, -2.5648997786883334
-0.09575535507059149, -0.010867310104371197, -2.5727881230187473
-0.09771204475558733, -0.011544039042854198, -2.5973162945254034
-0.09866902717204079, -0.011922507449954928, -2.6170386619805295
-0.09981445719332777, -0.012092511241080777, -2.665519190446454
-0.10093577783055337, -0.01251439521882877, -2.6351816836611377
-0.10202434606189792, -0.013085286869662259, -2.64547633440169
-0.10360278009030376, -0.013335011298751968, -2.700359198727585
-0.10427337974262113, -0.01390311729901615, -2.673019788909727
-0.10533573954758248, -0.014262092395223934, -2.6768134657006786
-0.10597349546426418, -0.01482004821626683, -2.6836247383435485
-0.1078894921566263, -0.015325211954066236, -2.6975575511676344
-0.10891117295356405, -0.015325211954066236, -2.7336515766813614
-0.10971452164401813, -0.015877055080210416, -2.7587602052266744
-0.11029766681132674, -0.016220245119312755, -2.7072949608914056
-0.1115141851952752, -0.016828504311286987, -2.7743688696218203
-0.11300110291654249, -0.017337714346400922, -2.732351883214147
-0.1135417158351893, -0.017639516567252624, -2.7182886071394945
-0.11483686090616141, -0.018153606786231555, -2.736699427149447
-0.11626467267586502, -0.01856155300614687, -2.735512865036325
-0.115913586047799, -0.018578484174908552, -2.730636956529978
-0.11789645755552627, -0.018969499226062187, -2.732532802937926
-0.1197322155451452, -0.01978539166589282, -2.736782076703456
-0.12024795413207322, -0.01970278978177551, -2.7279342072279196
-0.12126356185278331, -0.020515275958343574, -2.7319293808775145
-0.12207604802935136, -0.020515275958343574, -2.731944380293958
-0.12288853420591943, -0.021327762134911638, -2.73202929852176
-0.1237010203824875, -0.02153088367905365, -2.7460325250804747
-0.12328262917776953, -0.021519153869529104, -2.740377202558297
-0.12532599273562361, -0.022140248311479697, -2.7321466077609653
-0.12613847891219168, -0.022343369855621714, -2.7460450533392295
-0.12695096508875975, -0.022749612943905744, -2.795456569765565
-0.12742192060927757, -0.023057299919774038, -2.7422662663579604
-0.12823094867663806, -0.023057299919774038, -2.7422818663968784
-0.12903997674399856, -0.023461813953454286, -2.7390515160198223
-0.130200909795032, -0.023562099120473808, -2.7966131927715505
-0.13101339597160006, -0.023968342208757838, -2.74607117556757
-0.13182588214816812, -0.023968342208757838, -2.746051650185059
-0.13146706094608004, -0.024270842020814778, -2.739226967089608
-0.13324773295716222, -0.0247808283853259, -2.7463450990224927
-0.13308511708080104, -0.025282127105015394, -2.7533716189931794
-0.13389414514816153, -0.025888898155535762, -2.739461905254074
-0.134703173215522, -0.026091155172375886, -2.753445710040751
-0.13588831303100843, -0.026405800738462024, -2.7461701565946752
-0.13571445829972262, -0.026091155172375886, -2.72820274858545
-0.1365234863670831, -0.02629341218921601, -2.746229000754095
-0.1357860033474622, -0.026235938699878385, -2.738104590220922
-0.1383257715607126, -0.027218286915030088, -2.7461834557840503
-0.1375616938949337, -0.027150334321368493, -2.7394219898840655
-0.13836614824519647, -0.027150334321368493, -2.7394245619949054
-0.13955734161968497, -0.027506954290256746, -2.739862056998076
-0.14036636968704547, -0.027911468323936994, -2.742894144633937
-0.13997505694572202, -0.027954788671631266, -2.7394940101359095
-0.1397914901718711, -0.02783813342964195, -2.7381023345129734
-0.14198442582176643, -0.028720496391297486, -2.7429926882920093
-0.14177166169741137, -0.028998748983561418, -2.7347475330598314
-0.14299571090596705, -0.029125010424977733, -2.7989811541699643
-0.14360248195648742, -0.029327267441817854, -2.7537376353260514
-0.14319796792280717, -0.029327267441817854, -2.6981147919714834
-0.14461376704068804, -0.029934038492338225, -2.799050397328493
-0.14379697699628, -0.029640602500625963, -2.750048651007048
-0.14542279510804854, -0.029934038492338225, -2.799508593899942
-0.1445980743611618, -0.0302414255242873, -2.7381207646481798
-0.14520401022243, -0.03077037889755096, -2.762621471428293
-0.14559944606726402, -0.0302414255242873, -2.7394740173709486
-0.14620026909092534, -0.030441699865507744, -2.7500221511711045
-0.1486849703119554, -0.030874474709586368, -2.744237750522754
-0.14700136645580714, -0.03104252288916908, -2.738134764226431
-0.14720164079702758, -0.03104252288916908, -2.739579032253314
-0.14800273816190937, -0.03104252288916908, -2.7395819772830343
-0.14922272914457646, -0.03161669160013293, -2.7537907492560247
-0.14533813821251196, -0.031493190110651985, -2.7296220247282763
-0.1467094732948607, -0.03205582325343471, -2.741787343435541
-0.15088373456273185, -0.032563379711259825, -2.754003139486775
-0.15083377075477433, -0.03242221240523186, -2.753896469188014
-0.15169276263009235, -0.032563379711259825, -2.754001005083899
-0.15250179069745284, -0.032563379711259825, -2.7539986901799027
-0.1520420519624227, -0.03242221240523186, -2.750799960609642
-0.15244481236497218, -0.03302635300905606, -2.818654999645876
-0.15180795064509783, -0.032644717618932645, -2.7590265378334218
-0.1532503331700711, -0.03322773321033079, -2.7540018320146142
-0.15260904800997963, -0.03284499196015309, -2.7499607539445154
-0.1551848597244999, -0.03371817632757459, -2.74733803327972
-0.1538518944877548, -0.03358596912347066, -2.7400922372349372
-0.15445523525045188, -0.03378708271103635, -2.7295649397221373
-0.15465634883801757, -0.03418930988616773, -2.788396475420212
-0.15525968960071465, -0.034390423473733424, -2.7400102592359405
-0.15525968960071465, -0.03459153706129912, -2.7296547445415564
-0.15606414395097742, -0.03459153706129912, -2.7296578605694877
-0.15606414395097742, -0.03459153706129912, -2.7296578605694877
-0.15606414395097742, -0.034993764236430504, -2.7271451441687073
-0.15731129535058436, -0.035339507941402136, -2.74139954366864
-0.1568685983012402, -0.034993764236430504, -2.727168258663819
-0.15727082547637158, -0.0351948778239962, -2.8029136725670516
-0.15681480917560897, -0.03504800971357799, -2.7400901372905633
-0.15767305265150297, -0.0351948778239962, -2.7400662794739112
-0.15761590654049076, -0.03504800971357799, -2.7400883227373107
-0.15847750700176572, -0.0351948778239962, -2.740061940740111
-0.15692354826475216, -0.03524805589195575, -2.7242882171631697
-0.15841700390537253, -0.03584910707845978, -2.740188450903907
-0.1592819613520285, -0.03599933217425896, -2.740125112028289
-0.1592819613520285, -0.03599933217425896, -2.740125112028289
-0.15921810127025432, -0.036049381419680226, -2.7289842771561705
-0.16008641570229126, -0.03620044576182466, -2.7298432810776374
-0.16008641570229126, -0.03599933217425896, -2.7401202656642765
-0.15981892429391564, -0.036049381419680226, -2.7499105032242075
-0.1600191986351361, -0.036650204443341564, -2.740285685854288
-0.1607014006172362, -0.03685257683327597, -2.761459550939895
-0.16062002165879743, -0.036449930102121116, -2.7482369652196854
-0.16082029600001788, -0.036650204443341564, -2.7402821977524203
-0.16082029600001788, -0.036650204443341564, -2.7402821977524203
-0.15771976895703893, -0.03653284810212857, -2.737588379068302
-0.16162139336489967, -0.036850478784562005, -2.7523148364881687
-0.16162139336489967, -0.036650204443341564, -2.740278530925259
-0.16291658283125823, -0.037255337235825435, -2.7544983852322167
-0.16382818364049975, -0.03741754811542278, -2.754351077522548
-0.16352072343508245, -0.037255337235825435, -2.754775163487192
-0.16372210363635717, -0.03745671743710016, -2.766464803209769
-0.16320029537635866, -0.03729146798526131, -2.7640968983700005
-0.16320029537635866, -0.03729146798526131, -2.7640968983700005
-0.16272912840290524, -0.037292091925665787, -2.7364397522990282
-0.16329607814352382, -0.03763775459649513, -2.724362315645009
-0.16560464071764602, -0.03874144928303719, -2.7062604864365127
-0.16599902302668626, -0.039847775129445796, -2.6920673695008417
-0.16705739242432707, -0.040262033426006885, -2.6585212089327603
-0.16722050562819266, -0.041106711407407744, -2.632654297625097
-0.1692178328787583, -0.042354641444149466, -2.6038405343173663
-0.16899882336431932, -0.042749111347475575, -2.5806948772054477
-0.170652304191022, -0.043767296839579764, -2.5597488581906602
-0.17061031275725494, -0.04460269606666806, -2.535441984322886
-0.17187661592234538, -0.045378639250525765, -2.5022540071441313
-0.1717175470571937, -0.04652347495851876, -2.586502877509689
-0.17298769737630934, -0.047651703675418544, -2.4519395023816313
-0.1739855769662188, -0.0483627728360539, -2.417434230699492
-0.17544170754445476, -0.04969507082967927, -2.40114523022986
-0.17584548919958323, -0.05035666930114067, -2.3876675953991633
-0.17640109284343558, -0.051609919734765156, -2.3430490055230195
-0.17712560897270077, -0.05259361085537531, -2.313965899123962
-0.17716349338799936, -0.05355169231955435, -2.2794398894058823
-0.1794405777737567, -0.05507179680259124, -2.2611460748074403
-0.17779840967943467, -0.05558708745056817, -2.222838554659983
-0.17966021036913407, -0.0569900779798603, -2.2027045864383403
-0.17912000266200706, -0.05802762740906415, -2.1848072605073057
-0.17910507173216364, -0.05863080823519258, -2.1608380514403382
-0.18011322394346294, -0.060104972827717755, -2.1301081611758246
-0.1796868379423114, -0.06063175984198664, -2.109248073973835
-0.1805651543379829, -0.06200007529107997, -2.0754770327075622
-0.1815951082093862, -0.0632953996320021, -2.050187557328268
-0.18007745298497607, -0.06369814243517508, -2.021391506839258
-0.1806660610757898, -0.06511212879705884, -1.9831788872762992
-0.18115577072407052, -0.06649766889760098, -1.9740232312996726
-0.18120334239668898, -0.0675741654220727, -1.9403283452369369
-0.18124218114725887, -0.06826788823213417, -1.9181954497178468
-0.1815797605938306, -0.06932678983826607, -1.8925704108915866
-0.18181280106725037, -0.07034663810695164, -1.8669410207604091
-0.1832707908471644, -0.07220991204300041, -1.8446815651436994
-0.18286304830119882, -0.07314521932047953, -1.8199301874924263
-0.1827553205915099, -0.07423801036236695, -1.7836390189776168
-0.1827129232142486, -0.07511531287696886, -1.7557123126401253
-0.1803245859278621, -0.0750182370823364, -1.735450772964084
-0.1810379215696059, -0.0764068733573281, -1.7221473891544985
-0.1802581422599347, -0.07708143277039524, -1.6935147248571472
-0.18047830277528817, -0.07835497743257488, -1.652403411800643
-0.1807363406145995, -0.07936243783412023, -1.626892849279229
-0.1794038129271045, -0.08006948697753322, -1.61523549955227
-0.18071016448539945, -0.08155229147549381, -1.5815851443830669
-0.18010307546697146, -0.0827664695123498, -1.5616617021923926
-0.17981695004797202, -0.08373927707520856, -1.5301559971759637
-0.1793227602969434, -0.08441093896860624, -1.5051488913158906
-0.17826260932603796, -0.08500205778032545, -1.4696102858589146
-0.17875942732836947, -0.0864442530795173, -1.450807551194334
-0.17608132880157468, -0.0861376238733528, -1.4255223349098927
-0.17657772988267806, -0.08708218341594487, -1.4003809195997703
-0.1752105908269113, -0.08740528332347058, -1.3729907683935036
-0.1752799112197385, -0.08844215199989093, -1.3619329818628207
-0.17345229763781617, -0.08861799362666842, -1.3269144776188475
-0.1715037382677678, -0.08934148226041858, -1.3325389143934516
-0.1728469844351605, -0.09041533943317287, -1.284442674840954
-0.17249667254998377, -0.09123955943905392, -1.2489725893097834
-0.17411332863027928, -0.09292792772243975, -1.2161512050257173
-0.17278421269372013, -0.09303765298892622, -1.2094293063379533
-0.1700668911397187, -0.0926008248009007, -1.1884047663195334
-0.1691359117285148, -0.09341231317556047, -1.1722046824353702
-0.1700038245472336, -0.09471355596094404, -1.1366695418155972
-0.16909305529600205, -0.09462822693070244, -1.1093667475062716
-0.167696721343094, -0.09508782064294061, -1.0927680297505535
-0.16881636708307915, -0.09615105806515448, -1.0676672129779514
-0.16740072574385295, -0.0958858572279826, -1.044553545541421
-0.1674400255238969, -0.09636836001375361, -1.0233947603843974
-0.16606084416865305, -0.0964031102565618, -0.9975545192461306
-0.16471715810546347, -0.09636649177460771, -0.9674803134517891
-0.1646767930098845, -0.09669279008449634, -0.9425422910736505
-0.164363186768784, -0.09717823451293069, -0.9161306235123159
-0.1628192467087354, -0.09669874774043188, -0.8878059948055084
-0.1623165169047848, -0.09766839436305065, -0.8665237512144541
-0.16051567238320585, -0.09721649445321927, -0.8337872885657509
-0.15985956481236482, -0.09769195627422295, -0.8062972941119875
-0.16096163665217483, -0.09873111541862024, -0.7828485906612368
-0.16014594721795938, -0.09859731824986305, -0.73726707446786
-0.15777773708920742, -0.09770007190542683, -0.7300714149585623
-0.15867908189028387, -0.0979843330672503, -0.6842544917284816
-0.1574984091551856, -0.09734826294516497, -0.6647274054865386
-0.15580797757498513, -0.09651821619689344, -0.6333888771121514
-0.1569681000040002, -0.09795604215439505, -0.6183458076258046
-0.15585325601289957, -0.09777865871531723, -0.587127621911828
-0.1545759329889551, -0.0973474387144183, -0.5666777357414277
-0.15460841200253916, -0.09722187132302527, -0.5325962125384036
-0.1529758154395955, -0.09668856027143666, -0.5118276334572562
-0.15321347571133456, -0.09689078412593394, -0.48911799447370985
-0.1526563623522294, -0.09671519214831567, -0.45546613772334377
-0.1510026074717629, -0.09584362391342463, -0.4348111028481214
-0.1507689857769739, -0.09548048904211481, -0.4091368598807652
-0.15003277524764022, -0.09487079008488332, -0.37533164293636756
-0.1510323247418938, -0.09647090899744001, -0.3512687562852268
-0.15016013231494027, -0.0964331124958332, -0.3391029532521299
-0.14979128325425836, -0.09723639149487993, -0.316850862906374
-0.1477745383656778, -0.09630688911958422, -0.29168835792216186
-0.14800999519825342, -0.09612818471209317, -0.28201163994064604
-0.1484141323399695, -0.09573202973452338, -0.2670402569104018
-0.14839639046087533, -0.09531310717101434, -0.25435808695444373
-0.14839639046087533, -0.0949184359197886, -0.25236126627342714
-0.14622561029033526, -0.09370933636763809, -0.2312586890380004
-0.14613187470068378, -0.09363409665807888, -0.22278647361189519
-0.14593598746918152, -0.09343820942657662, -0.21879668504262662
-0.1462036055924236, -0.09432490683382168, -0.20813571844004186
-0.14600709536985312, -0.09452141705639214, -0.20271445869219784
-0.1445381412809205, -0.09447573924696286, -0.20524718381999807
-0.14434334594226697, -0.09506012526292346, -0.2089907440652219
-0.14456477684866573, -0.0957888562046037, -0.2195160961189646
-0.14436888961716346, -0.0957888562046037, -0.219099371796855
-0.14397711515415895, -0.0957888562046037, -0.22129208570847525
-0.14458034834391792, -0.09612426429404897, -0.22846644397563032
-0.14378122792265668, -0.0953970817415992, -0.21838349449990968
-0.14299767899664767, -0.09500530727859467, -0.21952658087144972
-0.14299767899664767, -0.09461353281559017, -0.21837880408797705
-0.1428017917651454, -0.09461353281559017, -0.21758762025335998
-0.14221413007063863, -0.09461353281559017, -0.21840766673875334
-0.14201824283913636, -0.09461353281559017, -0.21760231609163028
-0.14162646837613185, -0.09520119451009694, -0.21681633480987328
-0.1414305811446296, -0.0953970817415992, -0.218469376642781
-0.14221663692685116, -0.09612426429404897, -0.2285458318286797
-0.14132445909935767, -0.09617914577595175, -0.24337994943468
-0.14132445909935767, -0.09696428165983707, -0.24346966888231059
-0.14112817512838635, -0.09716056563080841, -0.24560484435438346
-0.13948020298603994, -0.09609933092762027, -0.24357762980950248
-0.13978309341506015, -0.09624729756092829, -0.2332787826813143
-0.1401467552735297, -0.09617914577595175, -0.241176727610116
-0.13900218227866318, -0.09546638642453131, -0.23326911378324078
-0.13880695449456393, -0.09527115864043206, -0.22849499984255717
-0.13985292550978437, -0.09612426429404897, -0.2286248425066546
-0.13965594955836214, -0.09612426429404897, -0.22875051203979857
-0.13802604335816696, -0.09605206977682905, -0.22863845014953954
-0.13802604335816696, -0.09702820869732527, -0.2326303850557998
-0.1382963854405935, -0.09755184128812402, -0.2231955298178816
-0.1382963854405935, -0.09774772851962628, -0.21869273657611088
-0.1374403600058692, -0.09702820869732527, -0.23340595281336007
-0.13751283651458446, -0.096768292362115, -0.22321463311534262
-0.13827711789840652, -0.09710914405116013, -0.23129157631530006
-0.13591734793310564, -0.0959188141127917, -0.22556775121238126
-0.13646422108537298, -0.09605206977682905, -0.22862554317845452
-0.13672928758857544, -0.096768292362115, -0.2232501432677001
-0.13748921409271758, -0.09710914405116013, -0.23131583630528318
-0.13661364379604576, -0.09696428165983707, -0.2436370333604374
-0.13714825980094195, -0.0978784703039816, -0.25512129072020473
-0.13571633168391764, -0.09777833694806747, -0.25848291120079403
-0.13571633168391764, -0.09816945029585973, -0.25675032994678837
-0.13571633168391764, -0.09856056364365201, -0.258584342371567
-0.13655625292410337, -0.09945715530888452, -0.25624691144568845
-0.13563222394118912, -0.09853455342760772, -0.24235433616850255
-0.13563222394118912, -0.09853455342760772, -0.24235433616850255
-0.13504337202827513, -0.09853455342760772, -0.24388692291633207
-0.13507755062595134, -0.09942658418508442, -0.2415921786836024
-0.13202799403252127, -0.09833539021413305, -0.2235012350547101
-0.1312688286770685, -0.09825511128523091, -0.20884873262624204
-0.13028627756421618, -0.09805860106266044, -0.20485533391519462
-0.12817368631937515, -0.09749797175818324, -0.19096031858034124
-0.12736145785447275, -0.09797035219574828, -0.18163328359459396
-0.1265178457257264, -0.0986210536557681, -0.1667713217592599
-0.12609582169921413, -0.09961174629530395, -0.17783507652896735
-0.12341072106487634, -0.09861141477494074, -0.15708038929284163
-0.12327973752608667, -0.1000417039349074, -0.15199421423086346
-0.12095274261355056, -0.09961965370598258, -0.14321293063115048
-0.11997416055357038, -0.09981537011797863, -0.1359200348833174
-0.11904656406645446, -0.10021877139696578, -0.12771061909480008
-0.11747758134399706, -0.10041489423727296, -0.1316403857640842
-0.11556353911183916, -0.10016805919643394, -0.12063204452413179
-0.1151423436753408, -0.10099516151727846, -0.11782968169905561
-0.1141599004699198, -0.10040569559402586, -0.11146109310942687
-0.11185945695271408, -0.09917033879926485, -0.10328279487695613
-0.11029771933382802, -0.09917033879926485, -0.10332482735959259
-0.11001852961170674, -0.10017787401137519, -0.09635878031703471
-0.1079238069821264, -0.09971221297261679, -0.09041691882666458
-0.1081424894511626, -0.10060227917750356, -0.0965477255353746
-0.1060374458251757, -0.10051876834728551, -0.08821085417169416
-0.10401352412045516, -0.10049426954495103, -0.09060707819130376
-0.10347520271044097, -0.10209553334096842, -0.0871131312559279
-0.10140872795107413, -0.10180026744123272, -0.07573309715216658
-0.10103584031378746, -0.10261452531869039, -0.07333051953502556
-0.09886372126504331, -0.10180026744123272, -0.07346969779113222
-0.09729756330440896, -0.10180026744123272, -0.07351793086388447
-0.09689179217591727, -0.10261452531869039, -0.0722111758712396
-0.09551044279662721, -0.10261452531869039, -0.07362885210591541
-0.09452376466856287, -0.10261452531869039, -0.07226935847785398
-0.09294507966365995, -0.10202251844185178, -0.06605349656605508
-0.09156373028436988, -0.10162784719062605, -0.07387067474724995
-0.09027241824828276, -0.10153177894883444, -0.05721987431836806
-0.08869215709732814, -0.10153177894883444, -0.057259273789769916
-0.08790202652185083, -0.10232190952431176, -0.05729883401555025
-0.08591590519617431, -0.10180446300642572, -0.0513830355424707
-0.08540047681740592, -0.10279687024317379, -0.043885981296981624
-0.08441204537276001, -0.10358761539889051, -0.042260634586767765
-0.08258126960636845, -0.10278523817989803, -0.043791606535114935
-0.08203980990560986, -0.10358761539889051, -0.04231643896921611
-0.08065600588310559, -0.10358761539889051, -0.04418247466610925
-0.07966757443845969, -0.10358761539889051, -0.042373765962820054
-0.07842045961612311, -0.10311204009978907, -0.05756198809030222
-0.07729533897130952, -0.10279687024317379, -0.042420743906818936
-0.07705040212437143, -0.10372935273074294, -0.052097556768298414
-0.075656725600158, -0.10392844937705914, -0.055908221515003964
-0.07433004463737182, -0.10358761539889051, -0.04468470023291693
-0.07334161319272592, -0.10358761539889051, -0.042538133309711235
-0.07195780917022165, -0.10358761539889051, -0.0448975653063608
-0.07096937772557575, -0.10358761539889051, -0.042606316953380574
-0.07017863256985903, -0.10358761539889051, -0.042630156002657627
-0.06973101616611015, -0.10499498719868586, -0.037795024617523376
-0.06873485879230858, -0.10499498719868586, -0.044995840508182505
-0.06701565194699215, -0.10418067426567805, -0.048425495846447175
-0.06669737651592876, -0.10472483596232397, -0.046296326907879326
-0.06527276420483265, -0.10404083021739992, -0.030270617225112817
-0.06448157918416801, -0.10404083021739992, -0.030358638169233787
-0.06349259790833722, -0.10404083021739992, -0.02764800675890844
-0.06270141288767257, -0.10404083021739992, -0.027677714086397298
-0.06191022786700794, -0.10324964519673528, -0.012015051708959223
-0.061391025916317545, -0.10404582963739532, -0.004300297728045521
-0.060765599801895984, -0.10499498719868586, -0.026528496014496916
-0.06003634130932391, -0.10601735187733453, -0.037335035757352086
-0.05897251652905315, -0.10519421867344617, -0.04029550773186741
-0.058175590630011896, -0.10519421867344617, -0.04036260891046495
-0.057378664730970634, -0.10539345014820649, -0.03470019274181513
-0.0566229038435764, -0.10561577099901129, -0.026501061056537045
-0.05561070204757336, -0.10544108022640254, -0.027541706947465938
-0.05481341599671209, -0.10524175871368723, -0.03237390049020217
-0.05381855187212373, -0.10447130657529899, -0.01640534466029253
-0.05341816540770488, -0.10544108022640254, -0.032263494099159074
-0.05262087935684361, -0.10544108022640254, -0.032649671198465846
-0.051823593305982345, -0.10564040173911786, -0.027025555033322712
-0.05102630725512108, -0.10564040173911786, -0.027090487315176937
-0.05004245255703837, -0.10483201523806457, -0.028355827349811236
-0.049830378178829175, -0.10564040173911786, -0.025863879743396545
-0.049232413640683224, -0.10564040173911786, -0.029701930243462904
-0.048634449102537274, -0.10464379417554127, -0.01542101623304637
-0.04783716305167601, -0.10544108022640254, -0.0348523689894078
-0.04760371432414356, -0.10625470412435419, -0.01806046936441774
-0.046452412556057004, -0.10526555291673004, -0.014848462902242288
-0.04604326943723816, -0.10544108022640254, -0.021324494879149114
-0.04545557966858797, -0.10526555291673004, -0.011089768869955607
-0.04485747993610655, -0.10526555291673004, -0.015153534453912432
-0.04425938020362513, -0.10526555291673004, -0.012432532380322714
-0.0434619138936499, -0.10526555291673004, -0.012509239718630827
-0.04306318073866229, -0.10526555291673004, -0.011397873752163168
-0.04226571442868706, -0.10526555291673004, -0.01150680379926805
-0.04206634785119326, -0.10546491949422385, -0.004593592265266899
-0.04126888154121803, -0.10546491949422385, -0.004991303367466671
-0.04087014838623042, -0.10546491949422385, -0.011846049157243632
-0.040272048653749, -0.10566428607171766, -0.017547969234504635
-0.03967394892126757, -0.10546491949422385, -0.005778458624118299
-0.03927521576627996, -0.10546491949422385, -0.004823416696786209
-0.03887648261129235, -0.10546491949422385, -0.0061678381552019435
-0.03807901630131712, -0.10546491949422385, -0.006554378372787051
-0.037680283146329506, -0.10526555291673004, -0.016694596697594877
-0.03728154999134189, -0.10546491949422385, -0.006938046525577279
-0.036761517317368805, -0.1058651345696905, -0.002017222301383903
-0.036484083681366665, -0.10566428607171766, -0.0014489523419101147
-0.035686617371391435, -0.10566428607171766, -0.0016385343132592212
-0.035686617371391435, -0.10566428607171766, -0.0016385343132592212
-0.034889151061416206, -0.10566428607171766, -0.001831962881045479
-0.034889151061416206, -0.10566428607171766, -0.001831962881045479
-0.03409168475144098, -0.10566428607171766, -0.0020292854750072475
-0.033692951596453365, -0.10586365264921146, -0.012470667272831637
-0.03329421844146575, -0.10566428607171766, -0.0022305479038886578
-0.032496752131490524, -0.10566428607171766, -0.00243579427356444
-0.032496752131490524, -0.10566428607171766, -0.00243579427356444
-0.031699285821515294, -0.10546491949422385, -0.009540981995388886
-0.03133768689349472, -0.1058651345696905, -0.016895385071839852
-0.031136804285203087, -0.10646778239456539, -0.007630104537813098
-0.030503086356552456, -0.10586365264921146, -0.03171449967293927
-0.030333273852036557, -0.10666866500285703, -0.011316450080135043
-0.029705620046577227, -0.10586365264921146, -0.031978830152971094
-0.029529743418870026, -0.10666866500285703, -0.011683219002219358
-0.029956704570106133, -0.10586051682544262, 0.050821876782389364
-0.028726212985703492, -0.10666866500285703, -0.012045968677536267
-0.028509420581614386, -0.10566428607171766, -0.003523197596709826
-0.028321197129553763, -0.1064555636784645, 0.0049051901828718325
-0.02771195427163916, -0.10566428607171766, -0.0037531669708559257
-0.027517758913112523, -0.1064555636784645, 0.004771379695104994
-0.027307047241998388, -0.10524175871368723, 0.011626631101108842
-0.02691518025078159, -0.10545126590791296, 0.021372726869463454
-0.026509761191137123, -0.10524175871368723, 0.01139629294441602
-0.02651346114256097, -0.10625470412435419, 0.01809893503600235
-0.02591088248023004, -0.10625470412435419, 0.0021625230324862077
-0.02591088248023004, -0.10625470412435419, 0.0021625230324862077
-0.02591088248023004, -0.1064555636784645, 0.004495236059139707
-0.025107444263788796, -0.1064555636784645, 0.004352794185865205
-0.025107444263788796, -0.1064555636784645, 0.004352794185865205
-0.024688286749405076, -0.10705003024946955, 0.014796907157096584
-0.02411790303855332, -0.10524175871368723, 0.01067974981420483
-0.023894062260232593, -0.10601735187733453, 0.019500285716441024
-0.023894062260232593, -0.10601735187733453, 0.019500285716441024
-0.023291690942747738, -0.10601735187733453, 0.015003196137381547
-0.023090900503586118, -0.10601735187733453, 0.019354417954965175
-0.023090900503586118, -0.10601735187733453, 0.019354417954965175
-0.022697129614465072, -0.10625470412435419, 0.0008086196721008854
-0.022697129614465072, -0.10625470412435419, 0.0008086196721008854
-0.022287738746939647, -0.10601735187733453, 0.019205479167420103
-0.022287738746939647, -0.10601735187733453, 0.019205479167420103
-0.021484576990293172, -0.10601735187733453, 0.019053413324810142
-0.021317767799353675, -0.10539345014820649, 0.01637906485596652
-0.021484576990293172, -0.10601735187733453, 0.019053413324810142
-0.021271593031625364, -0.1061572897521681, 0.024173259797494184
-0.021070917625666635, -0.1061572897521681, 0.03106290901534292
-0.020681415233646697, -0.10581656143817292, 0.02001035973266596
-0.020631416090993414, -0.10659564980346597, 0.023068665757207674
-0.020268216001831717, -0.10595661434620937, 0.03321969110515055
-0.020268216001831717, -0.1061572897521681, 0.03073844258749059
-0.019878253477000226, -0.10581656143817292, 0.015104247501950718
-0.019878253477000226, -0.10581656143817292, 0.015104247501950718
-0.019822340950170145, -0.10659564980346597, 0.02272698521069949
-0.019417803379758507, -0.10659564980346597, 0.027783781076382574
-0.01907509172035375, -0.10581656143817292, 0.014789186763235707
-0.01907509172035375, -0.10581656143817292, 0.014789186763235707
-0.018662812754161876, -0.1061572897521681, 0.030100886604063515
-0.018662812754161876, -0.1061572897521681, 0.030100886604063515
-0.01859574842226252, -0.1069255534280095, 0.03769776073260167
-0.017444778127249604, -0.10567124221908668, 0.04502257474939153
-0.01584066059830711, -0.10567124221908668, 0.04441102701586397
-0.014622529552728868, -0.10516202760524186, 0.05931792854937856
-0.013731923085801973, -0.10581658377882697, 0.06005458868559255
-0.012318342768145887, -0.10561464373344752, 0.06279556689679588
-0.011295547767818626, -0.10589576032329961, 0.06557312897086498
-0.009681898086701678, -0.10508893548274113, 0.06492733168000342
-0.008673367036003587, -0.10529064169288076, 0.07932596263096015
-0.007059717354886641, -0.10508893548274113, 0.07583391043150534
-0.005890179163033628, -0.1060232249346053, 0.0781585878150386
-0.004639242833211221, -0.10488722927260152, 0.07280047680106683
-0.003222826835273003, -0.10454044546916803, 0.08266121902016144
-0.002014266772045627, -0.10454044546916803, 0.07761828822385297
-0.0006084014914713148, -0.10525345802453745, 0.08844529663346523
0.000604280031613688, -0.10433901879196347, 0.08627680786512837
0.0018099181770625257, -0.10396974417125841, 0.08505945810267868
0.0034187343344514376, -0.10396974417125841, 0.08461408021411132
0.004867211931770518, -0.10464505653306613, 0.09677602640337413
0.006084014914713148, -0.10464505653306613, 0.09523136345589389
0.007503618394812882, -0.10444225603590904, 0.08537095757746149
0.008661347119796195, -0.10373473876034978, 0.08485259456932881
0.009937224360698141, -0.10444225603590904, 0.08452103159415203
0.011356827840797876, -0.10423945553875193, 0.08991043026935674
0.0123708303265834, -0.10383385454443772, 0.08795017453082021
0.01399323430384024, -0.10363105404728061, 0.08314562561713013
0.015517573609139029, -0.1045394432615682, 0.09208790166910052
0.016426840269725497, -0.10363105404728061, 0.08236975403427382
0.018049244246982336, -0.10363105404728061, 0.08186636672661618
0.019468847727082073, -0.10342825355012351, 0.0875186889009596
0.02082621721226554, -0.10433526466144795, 0.08774053062539178
0.02205128881298704, -0.10372272886108719, 0.08967936244323726
0.023480539013828794, -0.10372272886108719, 0.09708313361910803
0.024538860156009694, -0.10302265255580931, 0.08294269254872377
0.025930682215271797, -0.10372272886108719, 0.09633930340033037
0.0275641110162338, -0.10331437166084668, 0.09524588641844267
0.028993361217075554, -0.10311019306072644, 0.08526963652281982
0.029197539817195806, -0.10208930006012519, 0.12079890201499532
0.03164768301863881, -0.1029060144606062, 0.09402548394404064
0.0328896757240136, -0.10360247853064283, 0.09975085537370343
0.03409782622008181, -0.10270183586048594, 0.0944871829634295
0.035731255021043816, -0.10270183586048594, 0.0941270376085166
0.0370008851895153, -0.10339691805736774, 0.09976230274881659
0.03836150553399917, -0.10277601215258601, 0.10630498826137602
0.039331915716325404, -0.10189615470550623, 0.10715386346195799
0.04075846188220249, -0.10189615470550623, 0.09855447717243448
0.04275657844121768, -0.10257467616426741, 0.09845133217916247
0.04390033253623434, -0.10216058693011544, 0.11198587799682014
0.04483430807042273, -0.10108098546786216, 0.09780788656911632
0.0467696999142026, -0.1024380595465942, 0.11123977104712579
0.047804427788410625, -0.1024380595465942, 0.10529623294345813
0.04882373431599894, -0.10134001996682133, 0.11075644115241112
0.04984944302011657, -0.10134001996682133, 0.1048339631531583
0.05141682900306221, -0.10200768484944872, 0.11780058800707272
0.05210600216917534, -0.10113487822599782, 0.11198810767359024
0.0538947484730893, -0.1018011915602798, 0.11914041834980305
0.05456770305905764, -0.10113487822599782, 0.1115303146187514
0.0563726679431164, -0.10118171169277303, 0.12112179450856342
0.0571986410997921, -0.1009752184036041, 0.11835574786769576
0.058024614256467794, -0.1009752184036041, 0.1181540090654456
0.05905708070231242, -0.1009752184036041, 0.121523650318214
0.059970290808128775, -0.09967758233296489, 0.12030751066132805
0.06132850688317059, -0.10035573853609733, 0.12025146025225975
0.062154480039846284, -0.1001492452469284, 0.11723839354346977
0.06303422856696182, -0.1001131865475276, 0.12299245585629337
0.06464021887800361, -0.10080548603161336, 0.12914332951619056
0.06545837266654908, -0.1001492452469284, 0.11650447996414659
0.06628434582322477, -0.1001492452469284, 0.11632649977312681
0.06734222159637676, -0.10101333239456514, 0.1340078868199981
0.06858929977408744, -0.10059763966866157, 0.1356128186479788
0.06880206647504983, -0.09949520391451817, 0.1362910479737358
0.06938174516075865, -0.09870379222274593, 0.1366755746122117
0.0710834561295088, -0.10018194694275802, 0.13456313723528712
0.07191484158131592, -0.09997410057980624, 0.16070561533701744
0.07276654195897646, -0.09950980096954046, 0.1438452697066599
0.07271595648410956, -0.09743526180448674, 0.13980006266174771
0.07374592753912527, -0.09887722128150875, 0.1556675980017881
0.07456990438313785, -0.09887722128150875, 0.15483910359086295
0.07607176884035152, -0.09955840785390267, 0.16488421836105327
0.07690315429215865, -0.0993505614909509, 0.1636380320039672
0.07773453974396577, -0.0993505614909509, 0.16350154093606295
0.07856592519577289, -0.09955840785390267, 0.1645603560238642
0.07939731064758, -0.09955840785390267, 0.16444395120237232
0.0799129029083738, -0.098497298933577, 0.13200022467965722
0.08106008155119425, -0.09893486876504734, 0.13255186456812185
0.0816836206400496, -0.09914271512799912, 0.1402759715375872
0.0806443888252907, -0.09685640513552954, 0.15681732966902695
0.0827228524548085, -0.09955840785390267, 0.16393290329840604
0.0835542379066156, -0.0993505614909509, 0.1623981499953977
0.08430870503261356, -0.10024766419300818, 0.1913105235139998
0.08438562335842273, -0.09768779058733666, 0.13105391467171068
0.08521700881022985, -0.09706425149848132, 0.1297773239857487
0.08646408698794053, -0.098311329676192, 0.13497474455941316
0.08771116516565121, -0.09810348331324022, 0.12085052984448108
0.08812685789155478, -0.09810348331324022, 0.12162785294408929
0.08791901152860299, -0.09685640513552954, 0.12155108568781348
0.08895824334336189, -0.098311329676192, 0.13471428246202422
0.09016534707046056, -0.09895176140215277, 0.13935478857389128
0.09079294809415286, -0.09895176140215277, 0.14329576248086906
0.09059538129935245, -0.09764399220136157, 0.12734866205972595
0.08997344504329283, -0.09681474385994873, 0.15605890747950402
0.09204656589682492, -0.09743668011600837, 0.13561172194333992
0.09325749674202383, -0.0980559809144322, 0.1412071377272759
0.09225387798217813, -0.09702205594530194, 0.1430959005725192
0.09409201572852963, -0.0980559809144322, 0.1410503688365039
0.09411789416916067, -0.09769732191161197, 0.16860966589228643
0.09492653471503543, -0.0976387214211793, 0.14112274789688395
0.09367475623527673, -0.0963869429414206, 0.22736792314075638
0.09678534997468193, -0.09804502915005739, 0.15488106803615742
0.09513516446166188, -0.09659557268804704, 0.16620523749534666
0.09701283218129994, -0.09743009167455285, 0.15371076653214333
0.09743009167455285, -0.0972214619279264, 0.14053029233931702
0.09743009167455285, -0.0976387214211793, 0.17552457315557946
0.09610180899602094, -0.09547777127526756, 0.18748699611193942
0.09838994730545002, -0.09672584671677432, 0.15968830719046534
0.09714187186394325, -0.09547777127526756, 0.19250978079709724
0.10004136090189852, -0.09711127920184291, 0.1605806351244896
0.09943001017337232, -0.09651783414318987, 0.17742898080307223
0.1008785271019144, -0.09690198765183894, 0.16394895030143153
0.10047007304129463, -0.09651783414318987, 0.17302678344433597
0.10088609818846354, -0.09589379642243648, 0.15943156147132354
0.10192498485193427, -0.09648340455183099, 0.16933349033162348
0.10171814848280139, -0.09589379642243648, 0.1593225720419944
0.1017156933019303, -0.09648340455183099, 0.18673317037286585
0.10255019877713924, -0.09589379642243648, 0.15921490209192823
0.10275821135072369, -0.0952697587016831, 0.1521988485211001
0.10338224907147708, -0.09589379642243648, 0.15910853529611924
0.10338224907147708, -0.09589379642243648, 0.15910853529611924
0.10359026164506153, -0.09589379642243648, 0.16327125382396535
0.10421429936581492, -0.09589379642243648, 0.15900345544992067
0.10442231193939938, -0.09589379642243648, 0.16317510016029724
0.10504634966015276, -0.09568578384885203, 0.15465926028124177
0.1054623748073217, -0.09589379642243648, 0.15830545507199778
0.10587839995449061, -0.09547777127526756, 0.15841712209740977
0.10795474837236509, -0.09612409101648946, 0.14668779427543632
0.10707272990691492, -0.09636545691622343, 0.16651934909347688
0.10671045024882846, -0.09506174612809865, 0.15877887969225846
0.1075758567020415, -0.09564623835181511, 0.16326050976612771
0.1075758567020415, -0.09585552990181909, 0.17711845773635493
0.10754250054316629, -0.09506174612809865, 0.15867914637880576
0.10862231445206136, -0.09543694680181114, 0.17239022253349345
0.10949528208599647, -0.0960189396754123, 0.1769495819977347
0.10846732637568379, -0.09490891057872332, 0.17842358315811824
0.10846732637568379, -0.09511750159098424, 0.18299556588708277
0.10930169042472751, -0.09490891057872332, 0.17830179580122563
0.10930169042472751, -0.09470031956646238, 0.18244296389488435
0.11036962220907902, -0.09526199331353968, 0.19213182995498945
0.10932718691263635, -0.09415440241715639, 0.19349596232906685
0.10953503327558813, -0.09394655605420461, 0.19274158467081093
0.10953503327558813, -0.09415440241715639, 0.18869133684182815
0.11015857236444347, -0.09415440241715639, 0.1933752352403526
0.11036641872739525, -0.09415440241715639, 0.18858258369639525
0.11141876310460258, -0.09484233695533026, 0.18773858707126445
0.11097041852281495, -0.09428313754194052, 0.18280375326142684
0.11176168770212094, -0.09480907215179922, 0.17187367503228335
0.11197097925212492, -0.09459978060179525, 0.17199856263234792
0.11170275201485551, -0.09443770840734526, 0.16331869216601902
0.11259885390213682, -0.09459978060179525, 0.15851313037168047
0.11259885390213682, -0.09480907215179922, 0.16263579257315497
0.11232139313764605, -0.09531572427007722, 0.17135579474010476
0.11358107231302152, -0.09531572427007722, 0.15637163998740244
0.11253480230919335, -0.0942296958337608, 0.15819161839613693
0.11343602010215272, -0.09480907215179922, 0.16252101205306313
0.11301743700214477, -0.0950183637018032, 0.1762467431167698
0.11454891048996554, -0.09517666827475078, 0.17618994696400403
0.11326491965768519, -0.09365736450515773, 0.17435617173301488
0.11368210168220705, -0.09407454652967959, 0.17303025291013618
0.11368210168220705, -0.09386595551741866, 0.16886109017035267
0.11368210168220705, -0.09407454652967959, 0.17303025291013618
0.11477601397027798, -0.09463250877622555, 0.182893411065842
0.11430787471898983, -0.09407454652967959, 0.1776881463591229
0.11430787471898983, -0.09407454652967959, 0.1776881463591229
0.11561532668669684, -0.09442268059712083, 0.18686938581201207
0.11622860876987959, -0.0936518286491116, 0.21621905872805214
0.11715567398486496, -0.09255715168911038, 0.24602622979268318
0.11944470767970944, -0.09290143930644068, 0.26549783685054473
0.11990914529342622, -0.0918185413260851, 0.2707955146690961
0.12050038892252982, -0.09178986147490097, 0.32046925915325764
0.12148998867025884, -0.0909595755728801, 0.3331286794352111
0.12176981226078011, -0.08950601584980418, 0.3615280553613551
0.12348587925847077, -0.08885977122315633, 0.3791638716876413
0.125017169364696, -0.08858000442423183, 0.3892548287742623
0.12568071839662714, -0.08768422213718172, 0.41401953100242483
0.12584760701859884, -0.08632521803755128, 0.4384818013278122
0.12770763105155228, -0.08604563338063605, 0.46434585573067944
0.1283491798893403, -0.08501049577086177, 0.48310157292633393
0.1293341078157372, -0.08441192174080425, 0.5001692822030719
0.12964834559954633, -0.08290014406124838, 0.5254134701830466
0.13109253781394553, -0.08245470133201989, 0.5469919752693388
0.13206776492108133, -0.08217549817311727, 0.5840655819427573
0.13195647977298847, -0.08067481464794081, 0.6085682976973474
0.13320476629765968, -0.07996461675862643, 0.6259370171035742
0.13440704776245338, -0.07934621666973495, 0.647976371523811
0.134262291360035, -0.07719562965368319, 0.6493269886882118
0.13641787803139258, -0.07609132796204024, 0.6708487131331611
0.13611563113102093, -0.0753422912376599, 0.7116521853443065
0.13707487218260878, -0.07395376842678741, 0.7274111873503237
0.1372577800397981, -0.07331523304098472, 0.7824742348406054
0.13966740724436374, -0.07298884083402744, 0.8121934818316436
0.13945695899738383, -0.07203876044593772, 0.8345950211747127
0.13826870955626308, -0.06985990272932632, 0.8550985928777911
0.13834550905696794, -0.06886256280414099, 0.878943636110173
0.1400864998537887, -0.06837555350006354, 0.9017903408895425
0.1398118986267127, -0.06668591301511854, 0.9132535407291694
0.14111234962138086, -0.06596376106561591, 0.9458767055649405
0.14099815543112046, -0.06477167849199182, 0.9700832271480686
0.14030740709798886, -0.06403986527810718, 1.0068575808026101
0.14168415961810293, -0.0633411537116225, 1.0306306944784436
0.14085173629834052, -0.06193333699000562, 1.0446778307824705
0.1416565626110179, -0.06115569663383151, 1.070464084257484
0.1406902012861973, -0.05991212683259503, 1.0917712648616524
0.14260752485319594, -0.059681563264553365, 1.1271562487080877
0.14169029431390998, -0.058379725369807484, 1.1460255797757068
0.1423770112587583, -0.05703406591359615, 1.1577691548134208
0.1417581483826062, -0.055957163835239285, 1.1744488959475017
0.1431335054505876, -0.055744527745031185, 1.205972823379628
0.14196643768076384, -0.054378957123333516, 1.2246608569542707
0.14173283616523016, -0.053538904437231895, 1.2557609502369196
0.1432089596000393, -0.05276119564211974, 1.2760961741229777
0.14142137307960034, -0.05135065962480364, 1.2920497664871908
0.1427772298378197, -0.050797755271727946, 1.2999817820745716
0.14267625238647635, -0.05006184294262329, 1.3266647758465542
0.14246766137421543, -0.04943606990584049, 1.343871552266908
0.14207258775818682, -0.04805090449801047, 1.3502710225643664
0.14360342599280354, -0.04807775519349709, 1.3646143318435529
0.14360342599280354, -0.047237969076580115, 1.3646650125149804
0.14159415429624195, -0.04560865877770604, 1.3733568350074394
0.14288383306061384, -0.04539647404707643, 1.3823745471026263
0.1430930334018446, -0.04476887302338413, 1.387903145625801
0.14237475862196938, -0.04364773621987383, 1.3891296857967173
0.1425, -0.04333333333333333, 1.4081970353042055
0.1425, -0.042499999999999996, 1.4082050937953827
0.14270833333333333, -0.041874999999999996, 1.4139172618129556
0.14559630997131784, -0.024512586294155106, 1.4698611112256312
0.14559630997131784, -0.023667324697804932, 1.4699336041280564
0.14559630997131784, -0.022822063101454754, 1.4700071360998375
0.144964042501028, -0.022237609992921806, 1.485117334210476
0.144964042501028, -0.021188666125331154, 1.4777901023215447
0.144964042501028, -0.020769088578294896, 1.4783223627652131
0.144964042501028, -0.020349511031258635, 1.4779092211731097
0.144964042501028, -0.019929933484222374, 1.4784308870512222
0.14620476286143833, -0.019888925772757166, 1.4863211791754447
0.14517383127454614, -0.019300567163667983, 1.4724603901168218
0.14517383127454614, -0.019300567163667983, 1.4724603901168218
0.14394470092044695, -0.01851311904901702, 1.4647474536027585
0.14517383127454614, -0.01846141206959546, 1.47250708434393
0.14518382985803616, -0.01843604188673475, 1.4699458945075243
0.14644157156766802, -0.01796180892244124, 1.4623694116871802
0.14539333033402177, -0.017179039030821016, 1.4566307509627165
0.14539333033402177, -0.017179039030821016, 1.4566307509627165
0.14557625661759352, -0.016732903059493508, 1.4407640821641114
0.14638158361113848, -0.01663905770543876, 1.4275365950465049
0.14638158361113848, -0.016217815738212463, 1.432649971919817
0.14638158361113848, -0.016007194754599316, 1.4408145127407088
0.14557625661759352, -0.015896257906518833, 1.4408174174455184
0.14629713884414366, -0.015554580854118724, 1.4230823928922909
0.14761083478719011, -0.015482170890035745, 1.4306287501706372
0.14551405435622775, -0.01461403702286362, 1.4233735494894744
0.14629713884414366, -0.014713792699842035, 1.4232028129281091
0.14680282557836477, -0.014532847869307274, 1.4306684835675758
0.14680282557836477, -0.014322226885694124, 1.4388482050535327
0.14685185698247818, -0.014136601175037412, 1.448318427784173
0.14664086293508957, -0.013925607127648794, 1.4548316817606657
0.14664086293508957, -0.013714613080260176, 1.447148689538844
0.14664086293508957, -0.013081630938094321, 1.454916755737247
0.14539333033402177, -0.012989029511108573, 1.4569010546374737
0.14539333033402177, -0.012989029511108573, 1.4569010546374737
0.14665288696675555, -0.012467608546165097, 1.4649021983692658
0.14456873864120035, -0.012064729267898734, 1.4568657467709536
0.14539333033402177, -0.012151027607166085, 1.4569589852924147
0.14557625661759352, -0.011713032141645456, 1.44110326767345
0.14557625661759352, -0.011713032141645456, 1.44110326767345
0.14680282557836477, -0.011584154098723189, 1.4312902397799403
0.14701344656197793, -0.011162912131496892, 1.4324613490021454
0.14824708838541076, -0.011028395702491216, 1.422395359906864
0.14692772995985118, -0.010509851928458597, 1.407194044766709
0.1483489448385575, -0.01058123714968313, 1.4064432442281296
0.1470159259399555, -0.010276434195517574, 1.399352894397653
0.1483489448385575, -0.009734738177708481, 1.4064702731266971
0.14713792699842035, -0.008828275619905221, 1.4086325668150048
0.1470159259399555, -0.009227818461281087, 1.4077030237437147
0.1483489448385575, -0.00888823920573383, 1.4064984756130108
0.1470159259399555, -0.00901809531443379, 1.3997006392647073
0.1483489448385575, -0.00888823920573383, 1.4064984756130108
0.1470159259399555, -0.009227818461281087, 1.4077030237437147
0.1483489448385575, -0.00888823920573383, 1.4064984756130108
0.1470159259399555, -0.009227818461281087, 1.4077030237437147
0.1483489448385575, -0.00888823920573383, 1.4064984756130108
0.1470159259399555, -0.009227818461281087, 1.4077030237437147
0.1483489448385575, -0.009099863948727492, 1.4147157520939648
0.1470159259399555, -0.009227818461281087, 1.4077030237437147
0.1470159259399555, -0.00901809531443379, 1.3997006392647073
0.1483489448385575, -0.00888823920573383, 1.4064984756130108
0.1483489448385575, -0.00888823920573383, 1.4064984756130108
0.1483489448385575, -0.00888823920573383, 1.4064984756130108
0.1483489448385575, -0.00888823920573383, 1.4064984756130108
0.1470159259399555, -0.00901809531443379, 1.3997006392647073
0.1483489448385575, -0.00888823920573383, 1.4064984756130108
0.1483489448385575, -0.00888823920573383, 1.4064984756130108
0.1483489448385575, -0.00888823920573383, 1.4064984756130108
0.1483489448385575, -0.00888823920573383, 1.4064984756130108
0.1483489448385575, -0.00888823920573383, 1.4064984756130108
0.1483489448385575, -0.00888823920573383, 1.4064984756130108
0.1483489448385575, -0.00888823920573383, 1.4064984756130108
0.1470159259399555, -0.009227818461281087, 1.4077030237437147
